Year,Month,Net Borrowing,Expenditure On R&D,Net Debt,Balance Of Payments,RPI,Output Per Worker,House Prices,Wage - Annual Growth,Infex Of Production,Unemployed,Net Investment By UK Institutions,GDP
1949,1,,,,,,,,6.10,,,,
1949,2,,,,,,,,6.02,,,,
1949,3,,,,,,,,5.93,,,,
1949,4,,,,,,,,5.85,,,,
1949,5,,,,,,,,5.77,,,,
1949,6,,,,,,,,5.68,,,,
1949,7,,,,,,,,5.60,,,,
1949,8,,,,,,,,5.52,,,,
1949,9,,,,,,,,5.43,,,,
1949,10,,,,,,,,5.35,,,,
1949,11,,,,,,,,5.27,,,,
1949,12,,,,,,,,5.18,,,,
1950,1,,,,,,,,5.10,,,,
1950,2,,,,,,,,5.65,,,,
1950,3,,,,,,,,6.20,,,,
1950,4,,,,,,,,6.75,,,,
1950,5,,,,,,,,7.30,,,,
1950,6,,,,,,,,7.85,,,,
1950,7,,,,,,,,8.40,,,,
1950,8,,,,,,,,8.95,,,,
1950,9,,,,,,,,9.50,,,,
1950,10,,,,,,,,10.05,,,,
1950,11,,,,,,,,10.60,,,,
1950,12,,,,,,,,11.15,,,,
1951,1,,,,,,,,11.70,,,,
1951,2,,,,,,,,11.31,,,,
1951,3,,,,,,,,10.92,,,,
1951,4,,,,,,,,10.53,,,,
1951,5,,,,,,,,10.13,,,,
1951,6,,,,,,,,9.74,,,,
1951,7,,,,,,,,9.35,,,,
1951,8,,,,,,,,8.96,,,,
1951,9,,,,,,,,8.57,,,,
1951,10,,,,,,,,8.18,,,,
1951,11,,,,,,,,7.78,,,,
1951,12,,,,,,,,7.39,,,,
1952,1,,,,,,,,7.00,,,,
1952,2,,,,,,,,6.88,,,,
1952,3,,,,,,,,6.77,,,,
1952,4,,,,,,,,6.65,,,,
1952,5,,,,,,,,6.53,,,,
1952,6,,,,,,,,6.42,,,,
1952,7,,,,,,,,6.30,,,,
1952,8,,,,,,,,6.18,,,,
1952,9,,,,,,,,6.07,,,,
1952,10,,,,,,,,5.95,,,,
1952,11,,,,,,,,5.83,,,,
1952,12,,,,,,,,5.72,,,,
1953,1,,,,,,,,5.60,,,,
1953,2,,,,,,,,5.71,,,,
1953,3,,,,,,,,5.82,,,,
1953,4,,,,,,,,5.93,,,,
1953,5,,,,,,,,6.03,,,,
1953,6,,,,,,,,6.14,,,,
1953,7,,,,,,,,6.25,,,,
1953,8,,,,,,,,6.36,,,,
1953,9,,,,,,,,6.47,,,,
1953,10,,,,,,,,6.58,,,,
1953,11,,,,,,,,6.68,,,,
1953,12,,,,,,,,6.79,,,,
1954,1,,,,,,,,6.90,,,,
1954,2,,,,,,,,7.10,,,,
1954,3,,,,,,,,7.30,,,,
1954,4,,,,,,,,7.50,,,,
1954,5,,,,,,,,7.70,,,,
1954,6,,,,,,,,7.90,,,,
1954,7,,,,,,,,8.10,,,,
1954,8,,,,,,,,8.30,,,,
1954,9,,,,,,,,8.50,,,,
1954,10,,,,,,,,8.70,,,,
1954,11,,,,,,,,8.90,,,,
1954,12,,,,,,,,9.10,,,,
1955,1,,,,,,,,9.30,,,,4727.00
1955,2,,,,,,,,9.28,,,,4735.00
1955,3,,,,,,,,9.25,,,,4743.00
1955,4,,,,,,,,9.23,,,,4751.00
1955,5,,,,,,,,9.20,,,,4808.00
1955,6,,,,,,,,9.18,,,,4865.00
1955,7,,,,,,,,9.15,,,,4922.00
1955,8,,,,,,,,9.13,,,,4953.33
1955,9,,,,,,,,9.10,,,,4984.67
1955,10,,,,,,,,9.08,,,,5016.00
1955,11,,,,,,,,9.05,,,,5057.67
1955,12,,,,,,,,9.03,,,,5099.33
1956,1,,,,,,,,9.00,,,,5141.00
1956,2,,,,,,,,8.71,,,,5165.33
1956,3,,,,,,,,8.42,,,,5189.67
1956,4,,,,,,,,8.13,,,,5214.00
1956,5,,,,,,,,7.83,,,,5242.67
1956,6,,,,,,,,7.54,,,,5271.33
1956,7,,,,,,,,7.25,,,,5300.00
1956,8,,,,,,,,6.96,,,,5344.00
1956,9,,,,,,,,6.67,,,,5388.00
1956,10,,,,,,,,6.38,,,,5432.00
1956,11,,,,,,,,6.08,,,,5434.67
1956,12,,,,,,,,5.79,,,,5437.33
1957,1,,,,,,,,5.50,,,,5440.00
1957,2,,,,,,,,5.30,,,,5467.33
1957,3,,,,,,,,5.10,,,,5494.67
1957,4,,,,,,,,4.90,,,,5522.00
1957,5,,,,,,,,4.70,,,,5560.67
1957,6,,,,,,,,4.50,,,,5599.33
1957,7,,,,,,,,4.30,,,,5638.00
1957,8,,,,,,,,4.10,,,,5680.33
1957,9,,,,,,,,3.90,,,,5722.67
1957,10,,,,,,,,3.70,,,,5765.00
1957,11,,,,,,,,3.50,,,,5797.67
1957,12,,,,,,,,3.30,,,,5830.33
1958,1,,,,,,,,3.10,,,,5863.00
1958,2,,,,,,,,3.23,,,,5838.33
1958,3,,,,,,,,3.37,,,,5813.67
1958,4,,,,,,,,3.50,,,,5789.00
1958,5,,,,,,,,3.63,,,,5825.33
1958,6,,,,,,,,3.77,,,,5861.67
1958,7,,,,,,,,3.90,,,,5898.00
1958,8,,,,,,,,4.03,,,,5915.33
1958,9,,,,,,,,4.17,,,,5932.67
1958,10,,,,,,,,4.30,,,,5950.00
1958,11,,,,,,,,4.43,,,,5952.00
1958,12,,,,,,,,4.57,,,,5954.00
1959,1,,,,,,,,4.70,,,,5956.00
1959,2,,,,,,,,4.94,,,,6021.67
1959,3,,,,,,,,5.18,,,,6087.33
1959,4,,,,,,,,5.43,,,,6153.00
1959,5,,,,,,,,5.67,,,,6157.00
1959,6,,,,,,,,5.91,,,,6161.00
1959,7,,,,,,,,6.15,,,,6165.00
1959,8,,,,,,,,6.39,,,,6236.67
1959,9,,,,,,33.50,,6.63,,,,6308.33
1959,10,,,,,,33.70,,6.88,,,,6380.00
1959,11,,,,,,33.90,,7.12,,,,6415.33
1959,12,,,,,,34.10,,7.36,,,,6450.67
1960,1,,,,,,34.33,,7.60,,,,6486.00
1960,2,,,,,,34.57,,7.63,,,,6507.33
1960,3,,,,,,34.80,,7.65,,,,6528.67
1960,4,,,,,,34.70,,7.68,,,,6550.00
1960,5,,,,,,34.60,,7.70,,,,6582.33
1960,6,,,,,,34.50,,7.73,,,,6614.67
1960,7,,,,,,34.63,,7.75,,,,6647.00
1960,8,,,,,,34.77,,7.78,,,,6695.67
1960,9,,,,,,34.90,,7.80,,,,6744.33
1960,10,,,,,,34.93,,7.83,,,,6793.00
1960,11,,,,,,34.97,,7.85,,,,6846.00
1960,12,,,,,,35.00,,7.88,,,,6899.00
1961,1,,,,,,35.13,,7.90,,,,6952.00
1961,2,,,,,,35.27,,7.68,,,,6943.67
1961,3,,,,,,35.40,,7.47,,,,6935.33
1961,4,,,,,,35.43,,7.25,,,,6927.00
1961,5,,,,,,35.47,,7.03,,,,7006.67
1961,6,,,,,,35.50,,6.82,,,,7086.33
1961,7,,,,,,35.43,,6.60,,,,7166.00
1961,8,,,,,,35.37,,6.38,,,,7143.00
1961,9,,,,,,35.30,,6.17,,,,7120.00
1961,10,,,,,,35.30,,5.95,,,,7097.00
1961,11,,,,,,35.30,,5.73,,,,7126.00
1961,12,,,,,,35.30,,5.52,,,,7155.00
1962,1,,,,,,35.33,,5.30,,,,7184.00
1962,2,,,,,,35.37,,5.26,,,,7242.00
1962,3,,,,,,35.40,,5.22,,,,7300.00
1962,4,,,,,,35.47,,5.18,,,,7358.00
1962,5,,,,,,35.53,,5.13,,,,7384.33
1962,6,,,,,,35.60,,5.09,,,,7410.67
1962,7,,,,,,35.67,,5.05,,,,7437.00
1962,8,,,,,,35.73,,5.01,,,,7451.67
1962,9,,,,,,35.80,,4.97,,,,7466.33
1962,10,,,,,,35.80,,4.93,,,,7481.00
1962,11,,,,,,35.80,,4.88,,,,7461.67
1962,12,,,,,,35.80,,4.84,,,,7442.33
1963,1,,,,,,35.97,,4.80,,,,7423.00
1963,2,,,,,,36.13,,5.10,,,,7549.67
1963,3,,,,,,36.30,,5.40,,,,7676.33
1963,4,,,,,,36.73,,5.70,,,,7803.00
1963,5,,,,,,37.17,,6.00,,,,7843.00
1963,6,,,,,,37.60,,6.30,,,,7883.00
1963,7,,,,,,37.60,,6.60,,,,7923.00
1963,8,,,,,,37.60,,6.90,,,,8007.00
1963,9,,,,,,37.60,,7.20,,,,8091.00
1963,10,,,,,,37.83,,7.50,,,,8175.00
1963,11,,,,,,38.07,,7.80,,,,8181.33
1963,12,,,,,,38.30,,8.10,,,,8187.67
1964,1,,,,,,38.40,,8.40,,,,8194.00
1964,2,,,,,,38.50,,8.33,,,,8287.33
1964,3,,,,,,38.60,,8.25,,,,8380.67
1964,4,,,,,,38.73,,8.18,,,,8474.00
1964,5,,,,,,38.87,,8.10,,,,8536.33
1964,6,,,,,,39.00,,8.03,,,,8598.67
1964,7,,,,,,39.00,,7.95,,,,8661.00
1964,8,,,,,,39.00,,7.88,,,,8743.33
1964,9,,,,,,39.00,,7.80,,,,8825.67
1964,10,,,,,,39.10,,7.73,,,,8908.00
1964,11,,,,,,39.20,,7.65,,,,8962.33
1964,12,,,,,,39.30,,7.58,,,,9016.67
1965,1,,,,,,39.30,,7.50,,,,9071.00
1965,2,,,,,,39.30,,7.45,,,,9086.00
1965,3,,,,,,39.30,,7.40,,,,9101.00
1965,4,,,,,,39.33,,7.35,,,,9116.00
1965,5,,,,,,39.37,,7.30,,,,9189.00
1965,6,,,,,,39.40,,7.25,,,,9262.00
1965,7,,,,,,39.50,,7.20,,,,9335.00
1965,8,,,,,,39.60,,7.15,,,,9394.67
1965,9,,,,,,39.70,,7.10,,,,9454.33
1965,10,,,,,,39.73,,7.05,,,,9514.00
1965,11,,,,,,39.77,,7.00,,,,9560.00
1965,12,,,,,,39.80,,6.95,,,,9606.00
1966,1,,,,,,39.77,,6.90,,,,9652.00
1966,2,,,,,,39.73,,6.64,,,,9706.33
1966,3,,,,,,39.70,,6.38,,,,9760.67
1966,4,,,,,,39.73,,6.13,,,,9815.00
1966,5,,,,,,39.77,,5.87,,,,9876.33
1966,6,,,,,,39.80,,5.61,,,,9937.67
1966,7,,,,,,39.87,,5.35,,,,9999.00
1966,8,,,,,,39.93,,5.09,,,,10035.00
1966,9,,,,,,40.00,,4.83,,,,10071.00
1966,10,,,,,,40.03,,4.58,,,,10107.00
1966,11,,,,,,40.07,,4.32,,,,10142.67
1966,12,,,,,,40.10,,4.06,,,,10178.33
1967,1,,,,,,40.30,,3.80,,,,10214.00
1967,2,,,,,,40.50,,4.03,,,,10298.00
1967,3,,,,,,40.70,,4.25,,,,10382.00
1967,4,,,,,,40.90,,4.48,,,,10466.00
1967,5,,,,,,41.10,,4.70,,,,10488.67
1967,6,,,,,,41.30,,4.93,,,,10511.33
1967,7,,,,,,41.37,,5.15,,,,10534.00
1967,8,,,,,,41.43,,5.38,,,,10585.00
1967,9,,,,,,41.50,,5.60,,,,10636.00
1967,10,,,,,,41.60,,5.83,,,,10687.00
1967,11,,,,,,41.70,,6.05,,,,10845.00
1967,12,,,,,,41.80,,6.28,,,,11003.00
1968,1,,,,,,42.33,,6.50,68.20,,,11161.00
1968,2,,,,,,42.87,,6.55,69.00,,,11201.33
1968,3,,,,,,43.40,,6.60,69.60,,,11241.67
1968,4,,,,,,43.43,,6.65,69.30,,,11282.00
1968,5,,,,,,43.47,,6.70,70.10,,,11399.67
1968,6,,,,,,43.50,,6.75,70.10,,,11517.33
1968,7,,,,,,43.77,,6.80,70.10,,,11635.00
1968,8,,,,,,44.03,,6.85,70.70,,,11733.33
1968,9,,,,,,44.30,,6.90,70.50,,,11831.67
1968,10,,,,,,44.30,,6.95,70.10,,,11930.00
1968,11,,,,,,44.30,,7.00,70.60,,,11997.33
1968,12,,,,,,44.30,,7.05,71.30,,,12064.67
1969,1,,,,,,44.30,,7.10,71.50,,,12132.00
1969,2,,,,,,44.30,,7.50,71.80,,,12189.67
1969,3,,,,,,44.30,,7.90,71.80,,,12247.33
1969,4,,,,,,44.40,,8.30,72.90,,,12305.00
1969,5,,,,,,44.50,,8.70,72.90,,,12391.67
1969,6,,,,,,44.60,,9.10,73.40,,,12478.33
1969,7,,,,,,44.67,,9.50,73.10,,,12565.00
1969,8,,,,,,44.73,,9.90,72.10,,,12679.00
1969,9,,,,,,44.80,,10.30,72.20,,,12793.00
1969,10,,,,,,44.93,,10.70,71.00,,,12907.00
1969,11,,,,,,45.07,,11.10,72.50,,,13021.33
1969,12,,,,,,45.20,,11.50,73.10,,,13135.67
1970,1,,,,,,45.07,,11.90,71.30,,,13250.00
1970,2,,,,,,44.93,,11.70,72.60,,,13444.00
1970,3,,,,,,44.80,,11.50,73.40,,,13638.00
1970,4,,,,,,45.17,,11.30,73.00,,,13832.00
1970,5,,,,,,45.53,,11.10,72.30,,,13984.00
1970,6,,,,,,45.90,,10.90,72.50,,,14136.00
1970,7,,,,,,46.03,,10.70,72.80,,,14288.00
1970,8,,,,,,46.17,,10.50,72.90,,,14461.00
1970,9,,,,,,46.30,,10.30,72.60,,,14634.00
1970,10,,,,,,46.60,,10.10,73.60,,,14807.00
1970,11,,,,,,46.90,,9.90,72.50,,,14877.67
1970,12,,,,,,47.20,,9.70,73.20,,,14948.33
1971,1,,,,,,47.20,,9.50,73.60,,,15019.00
1971,2,,,,,,47.20,,9.74,72.20,980.00,,15184.67
1971,3,,,,,,47.20,,9.98,71.40,998.00,,15350.33
1971,4,,,,,,47.50,,10.23,72.40,1023.00,,15516.00
1971,5,,,,,,47.80,,10.47,72.70,1045.00,,15679.00
1971,6,,,,,,48.10,,10.71,72.50,1062.00,,15842.00
1971,7,,,,,,48.43,,10.95,72.20,1068.00,,16005.00
1971,8,,,,,,48.77,,11.19,72.60,1076.00,,16139.33
1971,9,,,,,,49.10,,11.43,72.00,1090.00,,16273.67
1971,10,,,,,,49.23,,11.68,72.10,1113.00,,16408.00
1971,11,,,,,,49.37,,11.92,71.90,1133.00,,16479.33
1971,12,,,,,,49.50,,12.16,72.40,1143.00,,16550.67
1972,1,,,,,,49.43,,12.40,70.30,1149.00,,16622.00
1972,2,,,,,,49.37,,12.64,64.70,1155.00,,16882.33
1972,3,,,,,,49.30,,12.88,71.10,1161.00,,17142.67
1972,4,,,,,,49.70,,13.13,72.80,1155.00,,17403.00
1972,5,,,,,,50.10,,13.37,74.30,1140.00,,17527.67
1972,6,,,,,,50.50,,13.61,74.70,1122.00,,17652.33
1972,7,,,,,,50.57,,13.85,73.80,1107.00,,17777.00
1972,8,,,,,,50.63,,14.09,74.50,1100.00,,18138.33
1972,9,,,,,,50.70,,14.33,75.60,1092.00,,18499.67
1972,10,,,,,,50.90,,14.58,76.60,1085.00,,18861.00
1972,11,,,,,,51.10,,14.82,77.20,1070.00,,19266.33
1972,12,,,,,,51.30,,15.06,77.80,1049.00,,19671.67
1973,1,,,,,,52.00,,15.30,80.10,1024.00,,20077.00
1973,2,,,,,,52.70,,15.55,79.40,1002.00,,20015.67
1973,3,,,,,,53.40,,15.80,80.30,987.00,,19954.33
1973,4,,,,,,53.40,,16.05,79.60,977.00,,19893.00
1973,5,,,,,,53.40,,16.30,79.70,968.00,,20124.33
1973,6,,,,,,53.40,,16.55,81.10,957.00,,20355.67
1973,7,,,,,,53.20,,16.80,80.70,943.00,,20587.00
1973,8,,,,,,53.00,,17.05,80.70,927.00,,20837.33
1973,9,,,,,,52.80,,17.30,80.30,913.00,,21087.67
1973,10,,,,,,52.73,,17.55,81.10,901.00,,21338.00
1973,11,,,,,,52.67,,17.80,80.20,888.00,,21281.00
1973,12,,,,,,52.60,,18.05,79.50,892.00,,21224.00
1974,1,,,,,,52.13,,18.30,73.70,904.00,,21167.00
1974,2,,,,,,51.67,,19.23,73.80,923.00,,21664.33
1974,3,,,,,,51.20,,20.15,76.40,931.00,,22161.67
1974,4,,,,,,51.43,,21.08,80.30,933.00,,22659.00
1974,5,,,,,,51.67,,22.00,81.30,937.00,,23075.00
1974,6,,,,,,51.90,,22.93,81.60,941.00,,23491.00
1974,7,,,,,,52.03,,23.85,81.30,951.00,,23907.00
1974,8,,,,,,52.17,,24.78,81.50,958.00,,24274.67
1974,9,,,,,,52.30,,25.70,80.10,965.00,,24642.33
1974,10,,,,,,52.00,,26.63,78.40,969.00,,25010.00
1974,11,,,,,,51.70,,27.55,78.30,976.00,,25619.67
1974,12,,,,,,51.40,,28.48,77.00,989.00,,26229.33
1975,1,,,,,,51.47,95985.73,29.40,77.70,1007.00,,26839.00
1975,2,,,,,,51.53,94199.55,27.98,77.20,1029.00,,27273.00
1975,3,,,52.10,,,51.60,92413.37,26.55,75.60,1055.00,,27707.00
1975,4,,,53.15,,,51.37,90627.19,25.13,74.30,1089.00,,28141.00
1975,5,,,54.20,,,51.13,90016.21,23.70,73.30,1126.00,,28520.33
1975,6,,,55.25,,,50.90,89405.22,22.28,73.90,1162.00,,28899.67
1975,7,,,56.30,,,50.83,88794.23,20.85,72.90,1193.00,,29279.00
1975,8,,,57.35,,,50.77,88630.03,19.43,71.90,1221.00,,29825.00
1975,9,,,58.40,,,50.70,88465.82,18.00,73.30,1252.00,,30371.00
1975,10,,,59.45,,,50.97,88301.61,16.58,74.20,1286.00,,30917.00
1975,11,,,60.50,,,51.23,87793.24,15.15,74.30,1319.00,,31430.00
1975,12,,,61.55,,,51.50,87284.86,13.73,73.90,1343.00,,31943.00
1976,1,,,62.60,,,51.77,86776.48,12.30,74.30,1363.00,,32456.00
1976,2,,,63.65,,,52.03,86279.06,12.16,75.20,1379.00,,32739.67
1976,3,,,64.70,,,52.30,85781.63,12.02,75.50,1392.00,,33023.33
1976,4,,,65.44,,,52.30,85284.20,11.88,76.10,1405.00,,33307.00
1976,5,,,66.18,,,52.30,85263.15,11.73,77.30,1413.00,,33712.00
1976,6,,,66.93,,,52.30,85242.10,11.59,75.80,1419.00,,34117.00
1976,7,,,67.67,,,52.50,85221.04,11.45,76.00,1425.00,,34522.00
1976,8,,,68.41,,,52.70,84480.83,11.31,75.90,1430.00,,35236.00
1976,9,,,69.15,,,52.90,83740.63,11.17,77.20,1432.00,,35950.00
1976,10,,,69.89,,,53.23,83000.42,11.03,78.90,1431.00,,36664.00
1976,11,,,70.63,,,53.57,82054.35,10.88,79.50,1432.00,,37112.67
1976,12,,,71.38,,,53.90,81108.28,10.74,80.00,1435.00,,37561.33
1977,1,,,72.12,,,54.00,80162.22,10.60,81.50,1436.00,,38010.00
1977,2,,,72.86,,,54.10,79638.69,10.91,81.20,1436.00,,38416.00
1977,3,,,73.60,,,54.20,79115.17,11.22,81.30,1437.00,,38822.00
1977,4,,,74.09,,,53.97,78591.64,11.53,80.50,1441.00,,39228.00
1977,5,,,74.58,,,53.73,78770.86,11.83,82.60,1452.00,,39593.33
1977,6,,,75.08,,,53.50,78950.07,12.14,79.30,1467.00,,39958.67
1977,7,,,75.57,,,53.60,79129.28,12.45,79.70,1481.00,,40324.00
1977,8,,,76.06,,,53.70,79101.73,12.76,80.50,1493.00,,40929.00
1977,9,,,76.55,,,53.80,79074.18,13.07,80.80,1498.00,,41534.00
1977,10,,,77.04,,,54.07,79046.62,13.38,80.50,1502.00,,42139.00
1977,11,,,77.53,,,54.33,79929.94,13.68,79.90,1499.00,,42794.67
1977,12,,,78.03,,,54.60,80813.26,13.99,81.40,1493.00,,43450.33
1978,1,,,78.52,,,54.73,81696.57,14.30,81.30,1484.00,,44106.00
1978,2,,,79.01,,,54.87,82269.79,14.55,81.20,1474.00,,44686.67
1978,3,,,79.50,,,55.00,82843.01,14.80,80.30,1469.00,,45267.33
1978,4,,,80.26,,,55.17,83416.23,15.05,85.30,1466.00,,45848.00
1978,5,,,81.02,,,55.33,85598.94,15.30,82.40,1463.00,,46281.00
1978,6,,,81.78,,,55.50,87781.64,15.55,82.40,1459.00,,46714.00
1978,7,,,82.53,,,55.70,89964.34,15.80,83.60,1459.00,,47147.00
1978,8,,,83.29,,,55.90,91125.57,16.05,84.30,1455.00,,47720.33
1978,9,,,84.05,,,56.10,92286.80,16.30,84.30,1449.00,,48293.67
1978,10,,,84.81,,,56.17,93448.03,16.55,82.60,1435.00,,48867.00
1978,11,,,85.57,,,56.23,94310.80,16.80,83.20,1421.00,,49390.33
1978,12,,,86.33,,,56.30,95173.57,17.05,85.80,1413.00,,49913.67
1979,1,,,87.08,,,56.13,96036.34,17.30,79.80,1417.00,,50437.00
1979,2,,,87.84,,,55.97,97091.98,17.41,85.80,1420.00,,51600.67
1979,3,,,88.60,,,55.80,98147.62,17.52,86.90,1414.00,,52764.33
1979,4,,,89.40,,,56.57,99203.27,17.63,86.80,1405.00,,53928.00
1979,5,,,90.20,,,57.33,99406.46,17.73,88.10,1405.00,,54860.00
1979,6,,,91.00,,,58.10,99609.66,17.84,89.60,1415.00,,55792.00
1979,7,,,91.80,,,57.70,99812.86,17.95,88.50,1422.00,,56724.00
1979,8,,,92.60,,,57.30,101269.77,18.06,85.50,1430.00,,57734.67
1979,9,,,93.40,,,56.90,102726.68,18.17,85.10,1441.00,,58745.33
1979,10,,,94.20,,,57.00,104183.59,18.28,85.50,1453.00,,59756.00
1979,11,,,95.00,,,57.10,103659.26,18.38,86.60,1471.00,,60541.00
1979,12,,,95.80,,,57.20,103134.93,18.49,87.10,1490.00,,61326.00
1980,1,,,96.60,,,57.00,102610.61,18.60,86.50,1521.00,,62111.00
1980,2,,,97.40,,,56.80,101721.56,17.68,84.50,1558.00,,62640.00
1980,3,,,98.20,,,56.60,100832.52,16.75,84.00,1603.00,,63169.00
1980,4,,,99.50,,,56.37,99943.48,15.83,81.60,1648.00,,63698.00
1980,5,,,100.80,,,56.13,99651.04,14.90,81.80,1700.00,,64468.33
1980,6,,,102.10,,,55.90,99358.60,13.98,81.80,1756.00,,65238.67
1980,7,,,103.40,,,56.00,99066.16,13.05,80.10,1828.00,,66009.00
1980,8,,,104.70,,,56.10,98268.06,12.13,78.90,1905.00,,66720.67
1980,9,,,106.00,,,56.20,97469.96,11.20,77.50,1989.00,,67432.33
1980,10,,,107.30,,,56.07,96671.85,10.28,77.20,2077.00,,68144.00
1980,11,,,108.60,,,55.93,96212.50,9.35,77.20,2169.00,,68738.00
1980,12,,,109.90,,,55.80,95753.14,8.43,76.70,2255.00,,69332.00
1981,1,,6021.00,111.20,,,55.93,95293.79,7.50,76.50,2330.00,,69926.00
1981,2,,6047.75,112.50,,,56.07,94273.08,7.43,77.20,2403.00,,70368.67
1981,3,,6074.50,113.80,,,56.20,93252.38,7.35,77.20,2476.00,,70811.33
1981,4,,6101.25,114.75,,,56.43,92231.68,7.28,77.60,2544.00,,71254.00
1981,5,,6128.00,115.70,,,56.67,91858.13,7.20,76.40,2588.00,,71904.00
1981,6,,6154.75,116.65,,,56.90,91484.57,7.13,78.10,2624.00,,72554.00
1981,7,,6181.50,117.60,,,57.23,91111.02,7.05,78.40,2654.00,,73204.00
1981,8,,6208.25,118.55,,,57.57,89890.79,6.98,78.50,2684.00,,73974.33
1981,9,,6235.00,119.50,,,57.90,88670.56,6.90,78.70,2713.00,,74744.67
1981,10,,6261.75,120.45,,,58.07,87450.33,6.83,80.50,2740.00,,75515.00
1981,11,,6288.50,121.40,,,58.23,87426.65,6.75,79.50,2761.00,,76151.67
1981,12,,6315.25,122.35,,,58.40,87402.98,6.68,78.30,2780.00,,76788.33
1982,1,,6342.00,123.30,,,58.47,87379.30,6.60,78.40,2792.00,,77425.00
1982,2,,6368.83,124.25,,,58.53,87071.90,6.64,78.90,2803.00,,77912.33
1982,3,,6395.67,125.20,,,58.60,86764.49,6.68,79.00,2813.00,,78399.67
1982,4,,6422.50,125.81,,,58.93,86457.08,6.73,80.00,2824.00,,78887.00
1982,5,,6449.33,126.42,,,59.27,86653.67,6.77,80.70,2841.00,,79371.00
1982,6,,6476.17,127.03,,,59.60,86850.25,6.81,79.70,2857.00,,79855.00
1982,7,,6503.00,127.63,,,59.80,87046.84,6.85,79.70,2877.00,,80339.00
1982,8,,6529.83,128.24,,,60.00,87540.61,6.89,80.30,2897.00,,81079.00
1982,9,,6556.67,128.85,,,60.20,88034.38,6.93,80.40,2917.00,,81819.00
1982,10,,6583.50,129.46,,,60.43,88528.15,6.98,79.90,2938.00,,82559.00
1982,11,,6610.33,130.07,,,60.67,89221.12,7.02,78.50,2960.00,,83573.33
1982,12,,6637.17,130.68,,,60.90,89914.09,7.06,79.70,2976.00,,84587.67
1983,1,,6664.00,131.28,,,61.40,90607.06,7.10,80.70,2988.00,,85602.00
1983,2,,6713.08,131.89,,,61.90,91213.60,7.11,81.80,2998.00,,85848.33
1983,3,,6762.17,132.50,,,62.40,91820.14,7.12,80.70,3008.00,,86094.67
1983,4,,6811.25,133.43,,,62.50,92426.68,7.13,81.60,3023.00,,86341.00
1983,5,,6860.33,134.35,,,62.60,92907.78,7.13,82.60,3049.00,,87045.67
1983,6,,6909.42,135.28,,,62.70,93388.87,7.14,81.40,3074.00,,87750.33
1983,7,,6958.50,136.20,,,62.80,93869.97,7.15,82.70,3093.00,,88455.00
1983,8,,7007.58,137.13,,,62.90,94000.60,7.16,82.80,3109.00,,89207.00
1983,9,,7056.67,138.05,,,63.00,94131.23,7.17,83.20,3125.00,,89959.00
1983,10,,7105.75,138.98,,,63.00,94261.87,7.18,84.00,3146.00,,90711.00
1983,11,,7154.83,139.90,,,63.00,95229.97,7.18,83.90,3167.00,,90985.33
1983,12,,7203.92,140.83,,,63.00,96198.08,7.19,84.30,3189.00,,91259.67
1984,1,,7253.00,141.75,,,63.07,97166.19,7.20,85.50,3215.00,,91534.00
1984,2,,7302.08,142.68,,,63.13,97748.79,7.37,84.80,3243.00,,92150.67
1984,3,,7351.17,143.60,,,63.20,98331.39,7.53,83.70,3263.00,,92767.33
1984,4,,7400.25,144.72,,,62.87,98914.00,7.70,82.10,3278.00,,93384.00
1984,5,,7449.33,145.83,,,62.53,99066.68,7.87,81.60,3265.00,,93820.33
1984,6,,7498.42,146.95,,,62.20,99219.36,8.03,82.20,3256.00,,94256.67
1984,7,,7547.50,148.07,,,62.23,99372.04,8.20,80.90,3242.00,,94693.00
1984,8,,7596.58,149.18,,,62.27,100358.57,8.37,80.60,3238.00,,95784.00
1984,9,,7645.67,150.30,,,62.30,101345.11,8.53,82.00,3233.00,,96875.00
1984,10,,7694.75,151.42,,,62.57,102331.64,8.70,82.10,3229.00,,97966.00
1984,11,,7743.83,152.53,,,62.83,102566.83,8.87,81.60,3217.00,,98265.33
1984,12,,7792.92,153.65,,,63.10,102802.01,9.03,83.00,3206.00,,98564.67
1985,1,,7842.00,154.77,,,63.30,103037.19,9.20,84.40,3195.00,,98864.00
1985,2,,7894.92,155.88,,,63.50,102891.70,9.09,84.40,3180.00,,100360.67
1985,3,,7947.83,157.00,,,63.70,102746.21,8.98,86.60,3169.00,,101857.33
1985,4,,8000.75,157.46,,,64.13,102600.72,8.88,87.30,3156.00,,103354.00
1985,5,,8053.67,157.92,,,64.57,103018.43,8.77,88.20,3152.00,,103881.67
1985,6,,8106.58,158.38,,,65.00,103436.14,8.66,90.00,3145.00,,104409.33
1985,7,,8159.50,158.83,,,64.97,103853.85,8.55,86.60,3139.00,,104937.00
1985,8,,8212.42,159.29,,,64.93,104440.66,8.44,87.30,3137.00,,105682.67
1985,9,,8265.33,159.75,,,64.90,105027.47,8.33,88.90,3135.00,,106428.33
1985,10,,8318.25,160.21,,,64.90,105614.28,8.23,87.10,3133.00,,107174.00
1985,11,,8371.17,160.67,,,64.90,105566.62,8.12,88.10,3135.00,,107652.67
1985,12,,8424.08,161.13,,,64.90,105518.95,8.01,85.80,3138.00,,108131.33
1986,1,,8477.00,161.58,,,65.03,105471.29,7.90,86.90,3143.00,,108610.00
1986,2,,8524.33,162.04,,,65.17,106335.21,7.95,87.60,3150.00,,109164.67
1986,3,,8571.67,162.50,,,65.30,107199.12,8.00,88.40,3151.00,,109719.33
1986,4,,8619.00,162.94,,,65.50,108063.04,8.05,89.50,3154.00,,110274.00
1986,5,,8666.33,163.38,,,65.70,109227.93,8.10,88.00,3159.00,,110871.67
1986,6,,8713.67,163.83,,,65.90,110392.83,8.15,89.20,3168.00,,111469.33
1986,7,,8761.00,164.27,,,65.97,111557.72,8.20,88.50,3175.00,,112067.00
1986,8,,8808.33,164.71,,,66.03,112396.62,8.25,88.50,3177.00,,113198.67
1986,9,,8855.67,165.15,,,66.10,113235.51,8.30,90.70,3171.00,,114330.33
1986,10,,8903.00,165.59,,,66.37,114074.40,8.35,91.00,3165.00,,115462.00
1986,11,,8950.33,166.03,,,66.63,114841.91,8.40,90.70,3156.00,,116314.00
1986,12,,8997.67,166.48,,,66.90,115609.42,8.45,91.00,3150.00,,117166.00
1987,1,,9045.00,166.92,,100.00,67.00,116376.93,8.50,89.30,3134.00,7178.00,118018.00
1987,2,,9110.42,167.36,,100.40,67.10,117733.96,8.78,92.20,3113.00,7648.33,119242.67
1987,3,,9175.83,167.80,,100.60,67.20,119090.99,9.07,91.80,3090.00,8118.67,120467.33
1987,4,,9241.25,167.77,,101.80,67.43,120448.02,9.35,91.00,3061.00,8589.00,121692.00
1987,5,,9306.67,167.73,,101.90,67.67,121717.94,9.63,92.70,3021.00,8752.67,123317.33
1987,6,,9372.08,167.70,,101.90,67.90,122987.87,9.92,92.30,2973.00,8916.33,124942.67
1987,7,,9437.50,167.67,,101.80,68.17,124257.79,10.20,94.00,2929.00,9080.00,126568.00
1987,8,,9502.92,167.63,,102.10,68.43,123743.69,10.48,93.70,2885.00,8269.33,127464.00
1987,9,,9568.33,167.60,,102.40,68.70,123229.59,10.77,93.10,2838.00,7458.67,128360.00
1987,10,,9633.75,167.57,,102.90,68.73,122715.49,11.05,94.20,2788.00,6648.00,129256.00
1987,11,,9699.17,167.53,,103.40,68.77,123193.90,11.33,94.10,2741.00,6028.33,130529.67
1987,12,,9764.58,167.50,,103.30,68.80,123672.31,11.62,94.90,2697.00,5408.67,131803.33
1988,1,,9830.00,167.47,,103.30,69.00,124150.72,11.90,95.80,2657.00,4789.00,133077.00
1988,2,,9919.50,167.43,,103.70,69.20,126618.86,11.88,94.70,2613.00,5144.67,134020.00
1988,3,,10009.00,167.40,,104.10,69.40,129087.01,11.85,96.20,2569.00,5500.33,134963.00
1988,4,,10098.50,166.26,,105.80,69.40,131555.15,11.83,95.40,2526.00,5856.00,135906.00
1988,5,,10188.00,165.12,,106.20,69.40,135733.77,11.80,96.50,2490.00,5644.33,137465.33
1988,6,,10277.50,163.98,,106.60,69.40,139912.39,11.78,96.80,2452.00,5432.67,139024.67
1988,7,,10367.00,162.83,,106.70,69.60,144091.01,11.75,97.30,2416.00,5221.00,140584.00
1988,8,,10456.50,161.69,,107.90,69.80,145635.25,11.73,98.40,2385.00,5695.00,142165.67
1988,9,,10546.00,160.55,,108.40,70.00,147179.48,11.70,99.40,2361.00,6169.00,143747.33
1988,10,,10635.50,159.41,,109.50,70.03,148723.72,11.68,98.30,2333.00,6643.00,145329.00
1988,11,,10725.00,158.27,,110.00,70.07,149875.29,11.65,99.30,2293.00,7326.33,146347.00
1988,12,,10814.50,157.13,,110.30,70.10,151026.86,11.63,98.70,2253.00,8009.67,147365.00
1989,1,,10904.00,155.98,,111.00,70.00,152178.44,11.60,99.20,2213.00,8693.00,148383.00
1989,2,,10978.67,154.84,,111.80,69.90,153009.93,11.52,99.40,2179.00,8591.00,149266.67
1989,3,,11053.33,153.70,,112.30,69.80,153841.42,11.43,98.20,2140.00,8489.00,150150.33
1989,4,,11128.00,153.55,,114.30,69.80,154672.92,11.35,100.60,2106.00,8387.00,151034.00
1989,5,,11202.67,153.40,,115.00,69.80,154625.33,11.27,98.00,2083.00,9096.33,152439.00
1989,6,,11277.33,153.25,,115.40,69.80,154577.74,11.18,98.10,2071.00,9805.67,153844.00
1989,7,,11352.00,153.10,,115.50,69.77,154530.16,11.10,98.30,2057.00,10515.00,155249.00
1989,8,,11426.67,152.95,,115.80,69.73,152493.78,11.02,100.30,2045.00,9437.33,156404.33
1989,9,,11501.33,152.80,,116.60,69.70,150457.40,10.93,99.90,2034.00,8359.67,157559.67
1989,10,,11576.00,152.65,,117.50,69.70,148421.02,10.85,99.20,2027.00,7282.00,158715.00
1989,11,,11650.67,152.50,,118.50,69.70,146049.31,10.77,100.10,2021.00,6868.33,159752.67
1989,12,,11725.33,152.35,,118.80,69.70,143677.60,10.68,100.00,2012.00,6454.67,160790.33
1990,1,,11800.00,152.20,,119.50,69.83,141305.89,10.60,98.90,2006.00,6041.00,161828.00
1990,2,,11818.92,152.05,,120.20,69.97,138756.01,10.21,98.30,2004.00,6855.67,163315.67
1990,3,,11837.83,151.90,,121.40,70.10,136206.13,9.82,99.70,2004.00,7670.33,164803.33
1990,4,,11856.75,151.83,,125.10,70.17,133656.26,9.43,100.30,2004.00,8485.00,166291.00
1990,5,,11875.67,151.77,,126.20,70.23,131635.36,9.03,99.70,2002.00,7448.67,167332.33
1990,6,,11894.58,151.70,,126.70,70.30,129614.47,8.64,101.30,2009.00,6412.33,168373.67
1990,7,,11913.50,151.63,,126.80,70.13,127593.57,8.25,98.80,2024.00,5376.00,169415.00
1990,8,,11932.42,151.57,,128.10,69.97,125238.09,7.86,98.90,2049.00,6800.33,169577.00
1990,9,,11951.33,151.50,,129.30,69.80,122882.61,7.47,98.40,2079.00,8224.67,169739.00
1990,10,,11970.25,151.43,,130.30,69.90,120527.12,7.08,98.30,2115.00,9649.00,169901.00
1990,11,,11989.17,151.37,,130.00,70.00,120041.52,6.68,97.80,2158.00,8962.67,170918.00
1990,12,,12008.08,151.30,,129.90,70.10,119555.91,6.29,97.30,2196.00,8276.33,171935.00
1991,1,,12027.00,151.23,,130.20,70.23,119070.31,5.90,97.00,2244.00,7590.00,172952.00
1991,2,,12055.17,151.17,,130.90,70.37,118859.11,5.68,97.00,2306.00,8089.00,173639.67
1991,3,,12083.33,151.10,,131.40,70.50,118647.92,5.45,96.00,2378.00,8588.00,174327.33
1991,4,,12111.50,152.33,,133.10,70.73,118436.72,5.23,94.70,2442.00,9087.00,175015.00
1991,5,,12139.67,153.55,,133.50,70.97,117894.83,5.00,95.80,2492.00,8829.00,175544.67
1991,6,,12167.83,154.78,,134.10,71.20,117352.94,4.78,96.20,2540.00,8571.00,176074.33
1991,7,,12196.00,156.00,,133.80,71.43,116811.05,4.55,95.30,2585.00,8313.00,176604.00
1991,8,,12224.17,157.23,,134.10,71.67,115546.77,4.33,94.40,2624.00,8858.33,177455.00
1991,9,,12252.33,158.45,,134.60,71.90,114282.49,4.10,94.50,2652.00,9403.67,178306.00
1991,10,,12280.50,159.68,,135.10,72.10,113018.21,3.88,95.70,2675.00,9949.00,179157.00
1991,11,,12308.67,160.90,,135.60,72.30,111812.40,3.65,95.90,2697.00,9345.00,179676.67
1991,12,,12336.83,162.13,,135.70,72.50,110606.59,3.43,95.50,2714.00,8741.00,180196.33
1992,1,,12365.00,163.35,,135.60,72.57,109400.78,3.20,95.40,2735.00,8137.00,180716.00
1992,2,,12433.67,164.58,,136.30,72.63,108966.47,3.14,96.00,2762.00,8242.33,180845.33
1992,3,,12502.33,165.80,,136.70,72.70,108532.16,3.08,95.70,2782.00,8347.67,180974.67
1992,4,,12571.00,168.81,,138.80,72.83,108097.85,3.03,96.20,2796.00,8453.00,181104.00
1992,5,,12639.67,171.82,,139.30,72.97,107836.21,2.97,94.30,2777.00,8671.33,181262.00
1992,6,,12708.33,174.83,,139.30,73.10,107574.57,2.91,95.30,2803.00,8889.67,181420.00
1992,7,,12777.00,177.83,,138.80,73.37,107312.93,2.85,96.10,2816.00,9108.00,181578.00
1992,8,,12845.67,180.84,,138.90,73.63,105744.56,2.79,96.00,2815.00,9090.33,182574.33
1992,9,,12914.33,183.85,,139.40,73.90,104176.18,2.73,96.70,2850.00,9072.67,183570.67
1992,10,,12983.00,186.86,,139.90,74.23,102607.81,2.68,97.60,2899.00,9055.00,184567.00
1992,11,,13051.67,189.87,,139.70,74.57,102802.51,2.62,96.30,2932.00,9995.00,186028.33
1992,12,,13120.33,192.88,,139.20,74.90,102997.20,2.56,96.30,2983.00,10935.00,187489.67
1993,1,,13189.00,195.88,,137.90,75.10,103191.90,2.50,96.40,3023.00,11875.00,188951.00
1993,2,,13230.25,198.89,,138.80,75.30,103863.75,2.60,97.70,3004.00,11604.33,189108.00
1993,3,,13271.50,201.90,,139.30,75.50,104535.60,2.70,96.90,2988.00,11333.67,189265.00
1993,4,,13312.75,210.10,,140.60,75.63,105207.45,2.80,97.00,2952.00,11063.00,189422.00
1993,5,,13354.00,214.70,,141.10,75.77,104992.40,2.90,97.70,2931.00,11426.33,190562.33
1993,6,,13395.25,216.10,,141.00,75.90,104777.36,3.00,97.20,2927.00,11789.67,191702.67
1993,7,,13436.50,220.40,,140.70,76.10,104562.31,3.10,98.10,2906.00,12153.00,192843.00
1993,8,,13477.75,224.90,,141.30,76.30,103972.01,3.20,98.30,2890.00,12386.67,193626.00
1993,9,,13519.00,229.80,,141.90,76.50,103381.71,3.30,98.70,2892.00,12620.33,194409.00
1993,10,,13560.25,230.10,,141.80,76.67,102791.41,3.40,99.00,2885.00,12854.00,195192.00
1993,11,,13601.50,231.10,,141.60,76.83,102928.69,3.50,99.80,2892.00,14330.67,196168.33
1993,12,,13642.75,234.90,,141.90,77.00,103065.97,3.60,100.10,2892.00,15807.33,197144.67
1994,1,,13684.00,234.70,,141.30,77.20,103203.26,3.70,100.70,2845.00,17284.00,198121.00
1994,2,,13713.17,238.50,,142.10,77.40,102631.26,3.76,101.00,2806.00,15309.67,198701.67
1994,3,,13742.33,249.80,,142.50,77.60,102059.27,3.82,101.50,2769.00,13335.33,199282.33
1994,4,,13771.50,254.30,,144.20,77.83,101487.28,3.88,102.70,2750.00,11361.00,199863.00
1994,5,,13800.67,259.10,,144.70,78.07,101706.88,3.93,104.10,2736.00,12254.67,200611.00
1994,6,,13829.83,262.90,,144.70,78.30,101926.47,3.99,102.80,2705.00,13148.33,201359.00
1994,7,,13859.00,265.00,,144.00,78.43,102146.07,4.05,103.40,2691.00,14042.00,202107.00
1994,8,,13888.17,268.70,,144.70,78.57,102185.62,4.11,103.80,2639.00,12133.33,203514.33
1994,9,,13917.33,273.50,,145.00,78.70,102225.17,4.17,104.80,2608.00,10224.67,204921.67
1994,10,,13946.50,274.40,,145.20,78.83,102264.72,4.23,105.00,2556.00,8316.00,206329.00
1994,11,,13975.67,277.30,,145.30,78.97,101295.42,4.28,104.90,2521.00,8161.67,206594.67
1994,12,,14004.83,278.40,,146.00,79.10,100326.11,4.34,105.90,2497.00,8007.33,206860.33
1995,1,,14034.00,275.30,,146.00,79.10,99356.81,4.40,104.10,2496.00,7853.00,207126.00
1995,2,,14068.42,280.70,,146.90,79.10,99108.14,4.40,104.10,2497.00,8174.33,207981.00
1995,3,,14102.83,290.00,,147.50,79.10,98859.48,4.40,104.50,2490.00,8495.67,208836.00
1995,4,,14137.25,293.90,,149.00,79.03,98610.81,4.40,105.40,2473.00,8817.00,209691.00
1995,5,,14171.67,297.70,,149.60,78.97,98333.26,4.40,105.30,2445.00,10460.67,210974.00
1995,6,,14206.08,301.40,,149.80,78.90,98055.71,4.40,104.60,2448.00,12104.33,212257.00
1995,7,,14240.50,302.60,,149.10,79.03,97778.15,4.40,105.30,2439.00,13748.00,213540.00
1995,8,,14274.92,306.40,,149.90,79.17,97478.56,4.40,105.50,2447.00,13155.33,214419.67
1995,9,,14309.33,310.70,,150.60,79.30,97178.97,4.40,105.80,2438.00,12562.67,215299.33
1995,10,,14343.75,310.50,,149.80,79.23,96879.38,4.40,105.40,2421.00,11970.00,216179.00
1995,11,,14378.17,313.60,,149.80,79.17,96983.79,4.40,105.90,2353.00,12325.00,217567.00
1995,12,,14412.58,313.60,,150.70,79.10,97088.21,4.40,106.50,2377.00,12680.00,218955.00
1996,1,,14447.00,308.70,,150.20,79.33,97192.63,4.40,106.10,2357.00,13035.00,220343.00
1996,2,,14467.00,311.70,,150.90,79.57,97826.85,4.65,106.80,2330.00,13214.33,221892.00
1996,3,,14487.00,322.10,,151.50,79.80,98461.07,4.90,107.00,2350.00,13393.67,223441.00
1996,4,,14507.00,324.90,,152.60,79.90,99095.29,5.15,105.70,2347.00,13573.00,224990.00
1996,5,,14527.00,329.30,,152.90,80.00,99637.29,5.40,106.40,2340.00,15936.67,225974.00
1996,6,,14547.00,333.00,,153.00,80.10,100179.29,5.65,105.80,2314.00,18300.33,226958.00
1996,7,,14567.00,331.00,,152.40,80.20,100721.29,5.90,105.70,2285.00,20664.00,227942.00
1996,8,,14587.00,335.90,,153.10,80.30,101242.59,6.15,106.50,2285.00,18428.33,228680.33
1996,9,,14607.00,339.30,,153.80,80.40,101763.89,6.40,107.10,2287.00,16192.67,229418.67
1996,10,,14627.00,335.60,,153.80,80.50,102285.19,6.65,107.00,2262.00,13957.00,230157.00
1996,11,,14647.00,339.10,,153.90,80.60,102475.45,6.90,107.50,2229.00,12531.33,230945.33
1996,12,,14667.00,341.90,,154.40,80.70,102665.71,7.15,108.10,2181.00,11105.67,231733.67
1997,1,,14687.00,335.10,,154.40,81.07,102855.98,7.40,108.50,2131.00,9680.00,232522.00
1997,2,,14755.00,338.50,,155.00,81.43,103997.24,7.47,108.60,2085.00,14094.33,233363.67
1997,3,,14823.00,347.00,,155.40,81.80,105138.50,7.53,107.30,2052.00,18508.67,234205.33
1997,4,2728.00,14891.00,353.10,,156.30,81.87,106279.76,7.60,107.90,2047.00,22923.00,235047.00
1997,5,2913.00,14959.00,357.40,,156.90,81.93,107349.19,7.67,107.20,2051.00,19869.33,237258.33
1997,6,4852.00,15027.00,364.50,,157.50,82.00,108418.61,7.73,107.40,2083.00,16815.67,239469.67
1997,7,631.00,15095.00,360.50,,157.50,82.03,109488.04,7.80,109.30,2022.00,13762.00,241681.00
1997,8,2842.00,15163.00,362.10,,158.50,82.07,109839.82,7.87,107.30,1951.00,13815.00,241021.67
1997,9,2197.00,15231.00,364.80,,159.30,82.10,110191.59,7.93,107.80,1909.00,13868.00,240362.33
1997,10,-1561.00,15299.00,358.90,,159.50,82.23,110543.37,8.00,108.50,1887.00,13921.00,239703.00
1997,11,-1879.00,15367.00,362.70,,159.60,82.37,111066.20,8.07,108.90,1864.00,16218.67,240835.67
1997,12,836.00,15435.00,364.00,,160.00,82.50,111589.03,8.13,108.50,1821.00,18516.33,241968.33
1998,1,-7250.00,15503.00,352.80,541.00,159.50,82.77,112111.86,8.20,108.90,1816.00,20814.00,243101.00
1998,2,290.00,15625.92,350.90,-131.00,160.30,83.03,112784.09,8.06,109.70,1813.00,19562.33,243887.33
1998,3,2493.00,15748.83,358.60,-463.00,160.80,83.30,113456.33,7.92,110.20,1799.00,18310.67,244673.67
1998,4,1853.00,15871.75,355.30,-102.00,162.60,83.57,114128.57,7.78,110.10,1787.00,17059.00,245460.00
1998,5,3798.00,15994.67,358.80,-907.00,163.50,83.83,114670.32,7.63,109.20,1791.00,13047.33,246252.33
1998,6,3301.00,16117.58,365.20,-892.00,163.40,84.10,115212.07,7.49,109.30,1800.00,9035.67,247044.67
1998,7,-2697.00,16240.50,360.60,-632.00,163.00,84.23,115753.82,7.35,109.60,1807.00,5024.00,247837.00
1998,8,2012.00,16363.42,362.00,-452.00,163.70,84.37,115550.98,7.21,108.80,1786.00,7828.33,250171.33
1998,9,1510.00,16486.33,363.40,-962.00,164.40,84.50,115348.14,7.07,108.80,1782.00,10632.67,252505.67
1998,10,-6462.00,16609.25,356.30,-873.00,164.50,84.63,115145.30,6.93,108.90,1768.00,13437.00,254840.00
1998,11,2924.00,16732.17,358.80,-1028.00,164.40,84.77,115986.41,6.78,108.80,1764.00,14752.67,255349.00
1998,12,881.00,16855.08,361.20,-879.00,164.40,84.90,116827.51,6.64,109.10,1790.00,16068.33,255858.00
1999,1,-6856.00,16978.00,349.40,-1346.00,163.40,84.90,117668.62,6.50,108.60,1794.00,17384.00,256367.00
1999,2,-2145.00,17041.17,349.10,-1329.00,163.70,84.90,118714.29,6.53,108.60,1780.00,17253.33,255811.00
1999,3,791.00,17104.33,357.80,-1152.00,164.10,84.90,119759.96,6.57,109.50,1773.00,17122.67,255255.00
1999,4,425.00,17167.50,354.90,-1168.00,165.20,84.93,120805.64,6.60,108.40,1760.00,16992.00,254699.00
1999,5,3478.00,17230.67,356.80,-848.00,165.60,84.97,122125.13,6.63,109.30,1743.00,16687.67,255793.33
1999,6,2477.00,17293.83,362.80,-1718.00,165.60,85.00,123444.62,6.67,110.00,1723.00,16383.33,256887.67
1999,7,-3356.00,17357.00,356.70,-1547.00,165.10,85.40,124764.11,6.70,110.30,1705.00,16079.00,257982.00
1999,8,1556.00,17420.17,356.40,-1271.00,165.50,85.80,125754.73,6.73,112.00,1702.00,16186.00,259358.00
1999,9,-751.00,17483.33,357.50,-984.00,166.20,86.20,126745.35,6.77,112.30,1687.00,16293.00,260734.00
1999,10,-7272.00,17546.50,348.90,-1133.00,166.50,86.50,127735.97,6.80,112.10,1693.00,16400.00,262110.00
1999,11,2583.00,17609.67,349.60,-1138.00,166.70,86.80,129305.25,6.83,112.50,1684.00,14554.67,264140.67
1999,12,1479.00,17672.83,364.40,-1196.00,167.30,87.10,130874.52,6.87,111.60,1702.00,12709.33,266171.33
2000,1,-9451.00,17736.00,344.80,-1540.00,166.60,87.33,132443.80,6.90,111.40,1685.00,10864.00,268202.00
2000,2,-895.00,17803.58,341.80,-1521.00,167.50,87.57,133596.37,6.90,112.70,1682.00,14865.33,269425.33
2000,3,-1234.00,17871.17,349.30,-1212.00,168.40,87.80,134748.95,6.90,112.50,1655.00,18866.67,270648.67
2000,4,2889.00,17938.75,342.60,-1935.00,170.10,87.80,135901.52,6.90,112.10,1640.00,22868.00,271872.00
2000,5,-9260.00,18006.33,330.60,-1508.00,170.70,87.80,135673.73,6.90,112.50,1599.00,22160.67,272619.67
2000,6,2703.00,18073.92,337.70,-1521.00,171.10,87.80,135445.94,6.90,113.10,1551.00,21453.33,273367.33
2000,7,-3779.00,18141.50,330.20,-2741.00,170.50,87.77,135218.15,6.90,111.80,1529.00,20746.00,274115.00
2000,8,3389.00,18209.08,329.80,-1605.00,170.50,87.73,135313.15,6.90,113.10,1548.00,19076.67,274460.67
2000,9,-5333.00,18276.67,321.90,-1772.00,171.70,87.70,135408.16,6.90,111.90,1571.00,17407.33,274806.33
2000,10,1008.00,18344.25,315.60,-1571.00,171.60,87.73,135503.16,6.90,112.10,1540.00,15738.00,275152.00
2000,11,2491.00,18411.83,317.60,-1901.00,172.10,87.77,136856.60,6.90,113.10,1520.00,19769.33,275947.67
2000,12,1555.00,18479.42,328.20,-1896.00,172.20,87.80,138210.04,6.90,112.70,1504.00,23800.67,276743.33
2001,1,-6899.00,18547.00,311.60,-1590.00,171.10,88.07,139563.48,6.90,112.60,1516.00,27832.00,277539.00
2001,2,-3731.00,18605.00,309.50,-1786.00,172.00,88.33,141005.62,6.57,111.80,1481.00,25011.67,279205.33
2001,3,-1156.00,18663.00,316.70,-2222.00,172.20,88.60,142447.76,6.23,112.00,1459.00,22191.33,280871.67
2001,4,-159.00,18721.00,313.20,-2360.00,173.10,88.77,143889.90,5.90,110.60,1431.00,19371.00,282538.00
2001,5,1633.00,18779.00,316.50,-2351.00,174.20,88.93,145728.06,5.57,110.70,1468.00,12840.67,282838.67
2001,6,-242.00,18837.00,324.60,-2894.00,174.40,89.10,147566.22,5.23,111.00,1472.00,6310.33,283139.33
2001,7,-1850.00,18895.00,316.80,-2393.00,173.30,89.27,149404.38,4.90,109.80,1483.00,-220.00,283440.00
2001,8,-866.00,18953.00,316.00,-2998.00,174.00,89.43,150274.44,4.57,111.80,1487.00,1715.00,284268.67
2001,9,-131.00,19011.00,318.20,-2192.00,174.60,89.60,151144.51,4.23,110.50,1487.00,3650.00,285097.33
2001,10,3131.00,19069.00,313.00,-1870.00,174.30,89.60,152014.58,3.90,109.40,1495.00,5585.00,285926.00
2001,11,4879.00,19127.00,318.40,-1906.00,173.60,89.60,153530.44,3.57,109.00,1520.00,5924.67,287120.00
2001,12,3161.00,19185.00,328.80,-2559.00,173.40,89.60,155046.30,3.23,109.30,1518.00,6264.33,288314.00
2002,1,-4847.00,19243.00,317.40,-1961.00,173.30,89.70,156562.16,2.90,109.20,1508.00,6604.00,289508.00
2002,2,-1624.00,19283.33,315.00,-2850.00,173.80,89.80,160343.96,2.98,109.30,1515.00,10825.00,290711.33
2002,3,1316.00,19323.67,323.10,-2991.00,174.50,89.90,164125.76,3.07,110.30,1522.00,15046.00,291914.67
2002,4,2430.00,19364.00,321.50,-3163.00,175.70,89.97,167907.56,3.15,109.90,1542.00,19267.00,293118.00
2002,5,3767.00,19404.33,324.20,-2566.00,176.20,90.03,171667.16,3.23,111.40,1520.00,17862.67,294596.33
2002,6,3534.00,19444.67,331.30,-3273.00,176.20,90.10,175426.77,3.32,106.20,1527.00,16458.33,296074.67
2002,7,-759.00,19485.00,325.40,-2692.00,175.90,90.33,179186.38,3.40,108.60,1539.00,15054.00,297553.00
2002,8,2085.00,19525.33,328.10,-2486.00,176.40,90.57,181379.26,3.48,109.60,1566.00,12644.67,299294.33
2002,9,2883.00,19565.67,334.50,-2290.00,177.60,90.80,183572.14,3.57,109.40,1546.00,10235.33,301035.67
2002,10,3680.00,19606.00,341.10,-3007.00,177.90,90.87,185765.03,3.65,108.80,1532.00,7826.00,302777.00
2002,11,6565.00,19646.33,347.10,-3542.00,178.20,90.93,187542.82,3.73,108.50,1516.00,9488.00,304233.67
2002,12,4781.00,19686.67,358.80,-2465.00,178.50,91.00,189320.61,3.82,108.60,1480.00,11150.00,305690.33
2003,1,-408.00,19727.00,345.40,-1784.00,178.40,91.23,191098.40,3.90,107.60,1517.00,12812.00,307147.00
2003,2,1929.00,19769.92,344.20,-1684.00,179.30,91.47,193218.36,3.99,108.40,1531.00,10310.33,308041.67
2003,3,1566.00,19812.83,356.20,-2603.00,179.90,91.70,195338.33,4.08,108.40,1517.00,7808.67,308936.33
2003,4,3104.00,19855.75,349.20,-1094.00,181.20,91.90,197458.29,4.18,107.80,1486.00,5307.00,309831.00
2003,5,6250.00,19898.67,353.80,-2737.00,181.50,92.10,199569.67,4.27,107.60,1467.00,9946.33,311405.33
2003,6,4441.00,19941.58,362.20,-3470.00,181.30,92.30,201681.05,4.36,108.40,1506.00,14585.67,312979.67
2003,7,1461.00,19984.50,357.80,-2183.00,181.30,92.53,203792.43,4.45,108.80,1504.00,19225.00,314554.00
2003,8,4123.00,20027.42,361.10,-2096.00,181.60,92.77,205539.16,4.54,108.70,1502.00,19356.00,316474.33
2003,9,3663.00,20070.33,369.80,-3714.00,182.50,93.00,207285.89,4.63,108.60,1473.00,19487.00,318394.67
2003,10,4210.00,20113.25,369.10,-2951.00,182.60,93.17,209032.62,4.73,109.60,1461.00,19618.00,320315.00
2003,11,7044.00,20156.17,376.10,-3074.00,182.70,93.33,211344.64,4.82,108.80,1457.00,17478.33,321147.33
2003,12,4800.00,20199.08,390.20,-2563.00,183.50,93.50,213656.67,4.91,109.50,1442.00,15338.67,321979.67
2004,1,-236.00,20242.00,376.00,-3483.00,183.10,93.47,215968.69,5.00,109.00,1436.00,13199.00,322812.00
2004,2,-234.00,20397.33,376.80,-2357.00,183.80,93.43,219822.92,4.88,108.90,1434.00,13334.67,324604.00
2004,3,204.00,20552.67,391.00,-2252.00,184.60,93.40,223677.15,4.75,111.00,1437.00,13470.33,326396.00
2004,4,7668.00,20708.00,399.90,-2516.00,185.70,93.53,227531.38,4.63,110.40,1435.00,13606.00,328188.00
2004,5,6072.00,20863.33,405.40,-2821.00,186.50,93.67,229635.54,4.50,109.80,1437.00,13091.33,328614.67
2004,6,2060.00,21018.67,417.20,-3141.00,186.80,93.80,231739.69,4.38,109.80,1423.00,12576.67,329041.33
2004,7,2222.00,21174.00,410.90,-3130.00,186.80,93.73,233843.84,4.25,108.10,1405.00,12062.00,329468.00
2004,8,4291.00,21329.33,413.70,-3286.00,187.40,93.67,232590.45,4.13,108.10,1401.00,16782.67,330440.67
2004,9,4173.00,21484.67,423.60,-2833.00,188.10,93.60,231337.06,4.00,108.30,1397.00,21503.33,331413.33
2004,10,4864.00,21640.00,421.70,-3278.00,188.60,93.53,230083.67,3.88,108.60,1407.00,26224.00,332386.00
2004,11,7060.00,21795.33,433.30,-2289.00,189.00,93.47,230044.96,3.75,109.10,1423.00,21951.33,333906.33
2004,12,5093.00,21950.67,448.70,-2230.00,189.90,93.40,230006.25,3.63,109.20,1425.00,17678.67,335426.67
2005,1,-1303.00,22106.00,432.50,-3061.00,188.90,93.57,229967.54,3.50,108.80,1447.00,13406.00,336947.00
2005,2,1857.00,22179.92,432.60,-2762.00,189.60,93.73,231421.60,3.70,109.00,1416.00,12404.33,339838.33
2005,3,2064.00,22253.83,446.50,-2908.00,190.50,93.90,232875.67,3.90,106.90,1420.00,11402.67,342729.67
2005,4,4411.00,22327.75,445.40,-3193.00,191.60,94.27,234329.73,4.10,109.30,1436.00,10401.00,345621.00
2005,5,4498.00,22401.67,449.50,-2735.00,192.00,94.63,234111.65,4.30,109.50,1437.00,9498.67,346728.67
2005,6,4544.00,22475.58,461.10,-2345.00,192.20,95.00,233893.58,4.50,109.30,1424.00,8596.33,347836.33
2005,7,1038.00,22549.50,454.90,-2817.00,192.20,95.30,233675.50,4.70,108.70,1420.00,7694.00,348944.00
2005,8,4266.00,22623.42,460.10,-3391.00,192.60,95.60,233115.23,4.90,107.80,1437.00,14385.33,351709.67
2005,9,3111.00,22697.33,471.60,-2881.00,193.10,95.90,232554.97,5.10,107.30,1500.00,21076.67,354475.33
2005,10,4491.00,22771.25,467.60,-2514.00,193.30,96.50,231994.70,5.30,107.20,1538.00,27768.00,357241.00
2005,11,9847.00,22845.17,476.00,-3034.00,193.60,97.10,233232.39,5.50,108.50,1567.00,22752.67,358449.67
2005,12,5364.00,22919.08,492.20,-3391.00,194.10,97.70,234470.08,5.70,109.70,1551.00,17737.33,359658.33
2006,1,-3508.00,22993.00,469.60,-3666.00,193.40,97.53,235707.78,5.90,109.70,1584.00,12722.00,360867.00
2006,2,2061.00,23134.92,471.70,-2912.00,194.20,97.37,236627.34,5.90,109.20,1604.00,17698.33,362079.00
2006,3,1463.00,23276.83,487.20,-2568.00,195.00,97.20,237546.90,5.90,109.50,1633.00,22674.67,363291.00
2006,4,4511.00,23418.75,485.90,-2713.00,196.50,97.13,238466.46,5.90,108.70,1664.00,27651.00,364503.00
2006,5,5119.00,23560.67,494.60,-3614.00,197.70,97.07,239423.99,5.90,108.70,1685.00,24634.33,365845.00
2006,6,3884.00,23702.58,508.10,-2700.00,198.50,97.00,240381.52,5.90,109.30,1698.00,21617.67,367187.00
2006,7,1034.00,23844.50,496.00,-3205.00,198.50,96.93,241339.04,5.90,108.30,1690.00,18601.00,368529.00
2006,8,3556.00,23986.42,500.20,-3001.00,199.20,96.87,242203.65,5.90,109.30,1693.00,18393.00,369687.00
2006,9,4801.00,24128.33,512.70,-2350.00,200.10,96.80,243068.26,5.90,109.60,1691.00,18185.00,370845.00
2006,10,4045.00,24270.25,504.80,-2325.00,200.40,96.87,243932.86,5.90,109.20,1674.00,17977.00,372003.00
2006,11,9060.00,24412.17,513.00,-2720.00,201.10,96.93,244927.99,5.90,109.70,1701.00,17114.00,373944.33
2006,12,4471.00,24554.08,527.30,-2585.00,202.70,97.00,245923.11,5.90,108.70,1703.00,16251.00,375885.67
2007,1,-5538.00,24696.00,506.20,-2371.00,201.60,97.37,246918.24,5.90,110.00,1708.00,15388.00,377827.00
2007,2,-475.00,24750.08,507.00,-2825.00,203.10,97.73,248487.95,5.58,109.30,1704.00,17302.00,379089.67
2007,3,3515.00,24804.17,523.60,-3782.00,204.40,98.10,250057.66,5.27,109.40,1692.00,19216.00,380352.33
2007,4,3376.00,24858.25,520.90,-2068.00,205.40,98.23,251627.38,4.95,108.80,1670.00,21130.00,381615.00
2007,5,5256.00,24912.33,528.60,-3073.00,206.20,98.37,252369.76,4.63,110.60,1658.00,28285.00,383918.00
2007,6,4310.00,24966.42,540.10,-3105.00,207.30,98.50,253112.14,4.32,109.30,1645.00,35440.00,386221.00
2007,7,778.00,25020.50,527.40,-3468.00,206.10,98.60,253854.52,4.00,109.00,1645.00,42595.00,388524.00
2007,8,5298.00,25074.58,532.10,-2917.00,207.30,98.70,252687.52,3.68,109.70,1650.00,29869.33,390174.67
2007,9,3278.00,25128.67,541.20,-3220.00,208.00,98.80,251520.52,3.37,108.60,1629.00,17143.67,391825.33
2007,10,6154.00,25182.75,537.10,-2785.00,208.90,98.90,250353.52,3.05,109.60,1633.00,4418.00,393476.00
2007,11,8409.00,25236.83,547.00,-2582.00,209.70,99.00,247767.60,2.73,109.80,1608.00,6491.67,395329.00
2007,12,5338.00,25290.92,562.50,-2824.00,210.90,99.10,245181.68,2.42,109.60,1617.00,8565.33,397182.00
2008,1,-6683.00,25345.00,540.30,-3956.00,209.80,99.13,242595.76,2.10,109.80,1622.00,10639.00,399035.00
2008,2,2297.00,25368.92,544.90,-4102.00,211.40,99.17,238874.93,1.94,110.10,1622.00,11157.00,398381.67
2008,3,5135.00,25392.83,557.20,-3696.00,212.10,99.20,235154.11,1.78,108.00,1667.00,11675.00,397728.33
2008,4,6447.00,25416.75,559.20,-3640.00,214.00,98.93,231433.29,1.63,109.50,1625.00,12193.00,397075.00
2008,5,7845.00,25440.67,570.60,-3754.00,215.10,98.67,226605.33,1.47,108.30,1680.00,15692.67,396258.67
2008,6,6915.00,25464.58,589.50,-4543.00,216.80,98.40,221777.38,1.31,107.50,1724.00,19192.33,395442.33
2008,7,3403.00,25488.50,615.90,-3877.00,216.50,98.07,216949.43,1.15,106.90,1793.00,22692.00,394626.00
2008,8,8688.00,25512.42,626.90,-2766.00,217.20,97.73,213894.51,0.99,108.00,1840.00,8626.00,392770.67
2008,9,10206.00,25536.33,665.10,-2201.00,218.40,97.40,210839.60,0.83,106.90,1875.00,-5440.00,390915.33
2008,10,10767.00,25560.25,672.50,-2149.00,217.70,96.83,207784.68,0.68,105.10,1941.00,-19506.00,389060.00
2008,11,15083.00,25584.17,684.90,-2742.00,216.00,96.27,206083.00,0.52,101.70,2003.00,-10336.33,386994.67
2008,12,15319.00,25608.08,733.80,-1575.00,212.90,95.70,204381.31,0.36,100.30,2057.00,-1166.67,384929.33
2009,1,5558.00,25632.00,731.90,-2254.00,210.10,95.27,202679.62,0.20,97.60,2128.00,8003.00,382864.00
2009,2,9981.00,25677.08,740.70,-1889.00,211.40,94.83,204089.83,0.29,97.50,2235.00,17647.33,382728.33
2009,3,13300.00,25722.17,768.30,-2962.00,211.30,94.40,205500.04,0.38,97.10,2296.00,27291.67,382592.67
2009,4,10514.00,25767.25,783.40,-2971.00,211.50,94.60,206910.26,0.48,98.60,2395.00,36936.00,382457.00
2009,5,13641.00,25812.33,804.90,-2149.00,212.80,94.80,209035.78,0.57,96.80,2448.00,31455.33,383461.00
2009,6,16451.00,25857.42,830.60,-2540.00,213.40,95.00,211161.31,0.66,97.50,2478.00,25974.67,384465.00
2009,7,9045.00,25902.50,836.50,-2080.00,213.40,95.07,213286.83,0.75,97.80,2484.00,20494.00,385469.00
2009,8,11779.00,25947.58,839.80,-1549.00,214.40,95.13,213326.28,0.84,95.60,2475.00,21857.67,385787.00
2009,9,13173.00,25992.67,859.70,-2288.00,215.30,95.20,213365.73,0.93,96.50,2484.00,23221.33,386105.00
2009,10,14451.00,26037.75,868.00,-2520.00,216.00,95.23,213405.19,1.03,97.20,2455.00,24585.00,386423.00
2009,11,16691.00,26082.83,883.30,-2278.00,216.60,95.27,212961.23,1.12,97.80,2453.00,18588.33,387996.00
2009,12,20964.00,26127.92,940.30,-2845.00,218.00,95.30,212517.27,1.21,97.60,2434.00,12591.67,389569.00
2010,1,5930.00,26173.00,977.10,-2973.00,217.90,95.57,212073.31,1.30,97.90,2496.00,6595.00,391142.00
2010,2,8354.00,26279.58,984.30,-1130.00,219.20,95.83,213228.41,1.33,98.90,2526.00,6272.00,393177.33
2010,3,12142.00,26386.17,1011.90,-2984.00,220.70,96.10,214383.51,1.35,100.80,2510.00,5949.00,395212.67
2010,4,8871.00,26492.75,1017.90,-2637.00,222.80,96.20,215538.61,1.38,100.60,2508.00,5626.00,397248.00
2010,5,13452.00,26599.33,1031.40,-2802.00,223.60,96.30,214639.87,1.40,100.50,2488.00,12825.67,397464.33
2010,6,12179.00,26705.92,1053.50,-2862.00,224.10,96.40,213741.12,1.43,99.70,2488.00,20025.33,397680.67
2010,7,9110.00,26812.50,1057.80,-3490.00,223.60,96.43,212842.38,1.45,100.00,2476.00,27225.00,397897.00
2010,8,11461.00,26919.08,1067.20,-3535.00,224.50,96.47,210223.50,1.48,100.80,2470.00,27514.00,398991.00
2010,9,12671.00,27025.67,1092.10,-3551.00,225.30,96.50,207604.62,1.50,101.00,2513.00,27803.00,400085.00
2010,10,14130.00,27132.25,1094.70,-2674.00,225.80,96.63,204985.74,1.53,101.40,2502.00,28092.00,401179.00
2010,11,17448.00,27238.83,1112.40,-2785.00,226.80,96.77,203587.45,1.55,101.80,2503.00,22385.00,404501.33
2010,12,16803.00,27345.42,1138.40,-3681.00,228.40,96.90,202189.15,1.58,101.70,2524.00,16678.00,407823.67
2011,1,-364.00,27452.00,1125.10,-1719.00,229.00,96.97,200790.85,1.60,102.30,2492.00,10971.00,411146.00
2011,2,8401.00,27435.75,1132.90,120.00,231.30,97.03,201427.75,1.63,100.20,2483.00,10688.00,410359.67
2011,3,12313.00,27419.50,1157.60,-2138.00,232.50,97.10,202064.64,1.65,100.20,2462.00,10405.00,409573.33
2011,4,11480.00,27403.25,1162.10,-36.00,234.40,97.10,202701.54,1.68,99.50,2500.00,10122.00,408787.00
2011,5,9851.00,27387.00,1172.40,-1998.00,235.20,97.10,202262.36,1.70,100.10,2540.00,7573.67,409278.67
2011,6,10049.00,27370.75,1192.60,-1414.00,235.20,97.10,201823.19,1.73,100.10,2556.00,5025.33,409770.33
2011,7,4606.00,27354.50,1185.60,-1804.00,234.70,97.30,201384.01,1.75,99.70,2612.00,2477.00,410262.00
2011,8,9430.00,27338.25,1202.20,-1240.00,236.10,97.50,199986.00,1.78,99.40,2664.00,1895.33,411625.00
2011,9,11368.00,27322.00,1210.10,-3051.00,237.90,97.70,198587.99,1.80,99.20,2680.00,1313.67,412988.00
2011,10,12705.00,27305.75,1210.10,-1569.00,238.00,97.67,197189.98,1.83,99.30,2708.00,732.00,414351.00
2011,11,13266.00,27289.50,1220.60,-2279.00,238.50,97.63,196096.25,1.85,98.90,2684.00,6195.67,415401.33
2011,12,13598.00,27273.25,1242.40,-1345.00,239.40,97.60,195002.53,1.88,98.80,2670.00,11659.33,416451.67
2012,1,-944.00,27257.00,1226.70,-1051.00,238.00,97.73,193908.80,1.90,98.90,2653.00,17123.00,417502.00
2012,2,9028.00,27403.50,1234.90,-878.00,239.90,97.87,194092.38,2.01,98.80,2633.00,14208.00,417700.67
2012,3,11861.00,27550.00,1253.10,-1641.00,240.80,98.00,194275.96,2.12,97.80,2624.00,11293.00,417899.33
2012,4,21151.00,27696.50,1253.50,-3542.00,242.50,97.70,194459.54,2.23,97.40,2605.00,8378.00,418098.00
2012,5,13433.00,27843.00,1264.30,-2308.00,242.40,97.40,193810.65,2.33,98.00,2582.00,11695.00,421648.00
2012,6,9387.00,27989.50,1283.80,-3707.00,241.80,97.10,193161.75,2.44,96.40,2600.00,15012.00,425198.00
2012,7,2442.00,28136.00,1284.10,-966.00,242.10,97.33,192512.86,2.55,99.00,2550.00,18329.00,428748.00
2012,8,10103.00,28282.50,1286.10,-3342.00,243.00,97.57,191374.77,2.66,98.40,2538.00,16156.33,429188.33
2012,9,10393.00,28429.00,1303.70,-1595.00,244.20,97.80,190236.68,2.77,95.00,2534.00,13983.67,429628.67
2012,10,12083.00,28575.50,1313.90,-2675.00,245.60,97.57,189098.59,2.88,94.20,2530.00,11811.00,430069.00
2012,11,14264.00,28722.00,1328.20,-1701.00,245.60,97.33,188792.57,2.98,95.50,2535.00,9657.33,431042.33
2012,12,13821.00,28868.50,1350.70,-2190.00,246.80,97.10,188486.54,3.09,96.00,2537.00,7503.67,432015.67
2013,1,-1924.00,29015.00,1332.10,-1042.00,245.80,97.33,188180.51,3.20,95.30,2587.00,5350.00,432989.00
2013,2,6544.00,29145.17,1337.60,-1232.00,247.60,97.57,189218.31,3.22,95.40,2541.00,10615.67,434095.00
2013,3,8603.00,29275.33,1363.60,-194.00,248.70,97.80,190256.10,3.23,95.90,2530.00,15881.33,435201.00
2013,4,10239.00,29405.50,1367.10,-624.00,249.50,97.77,191293.90,3.25,95.70,2511.00,21147.00,436307.00
2013,5,9673.00,29535.67,1382.50,-2116.00,250.00,97.73,192363.40,3.27,96.10,2515.00,19165.33,438986.67
2013,6,8776.00,29665.83,1397.00,-2610.00,249.70,97.70,193432.90,3.28,96.90,2492.00,17183.67,441666.33
2013,7,3733.00,29796.00,1393.60,-2757.00,249.70,97.77,194502.40,3.30,96.90,2502.00,15202.00,444346.00
2013,8,8729.00,29926.17,1399.40,-1849.00,251.00,97.83,195420.85,3.32,96.30,2481.00,12360.00,445465.67
2013,9,8990.00,30056.33,1415.40,-3335.00,251.90,97.90,196339.29,3.33,97.20,2403.00,9518.00,446585.33
2013,10,11452.00,30186.50,1416.90,-5749.00,251.90,97.87,197257.73,3.35,97.10,2338.00,6676.00,447705.00
2013,11,13647.00,30316.67,1431.90,-5194.00,252.10,97.83,198274.62,3.37,97.00,2358.00,10712.67,449764.33
2013,12,10810.00,30446.83,1453.30,-2334.00,253.40,97.80,199291.51,3.38,97.50,2341.00,14749.33,451823.67
2014,1,-2082.00,30577.00,1441.30,-3555.00,252.60,97.87,200308.40,3.40,97.10,2260.00,18786.00,453883.00
2014,2,8205.00,30676.08,1447.40,-2428.00,254.20,97.93,202890.98,3.44,97.50,2213.00,13777.00,456154.00
2014,3,5496.00,30775.17,1464.40,-1731.00,254.80,98.00,205473.56,3.48,97.60,2167.00,8768.00,458425.00
2014,4,10616.00,30874.25,1469.00,-1873.00,255.70,98.13,208056.14,3.53,97.70,2110.00,3759.00,460696.00
2014,5,10477.00,30973.33,1483.30,-1352.00,255.90,98.27,208652.63,3.57,97.80,2061.00,5766.00,462040.67
2014,6,8239.00,31072.42,1500.80,-1727.00,256.30,98.40,209249.12,3.61,97.80,2009.00,7773.00,463385.33
2014,7,3333.00,31171.50,1496.40,-3441.00,256.00,98.60,209845.61,3.65,98.20,1968.00,9780.00,464730.00
2014,8,8551.00,31270.58,1500.40,-2609.00,257.00,98.80,209780.46,3.69,97.70,1957.00,-72.00,464815.33
2014,9,9456.00,31369.67,1518.10,-1765.00,257.60,99.00,209715.30,3.73,98.30,1952.00,-9924.00,464900.67
2014,10,11179.00,31468.75,1523.80,-1652.00,257.70,99.17,209650.15,3.78,98.10,1922.00,-19776.00,464986.00
2014,11,10966.00,31567.83,1532.40,-2160.00,257.10,99.33,209760.87,3.82,98.40,1872.00,-11061.00,465755.67
2014,12,11971.00,31666.92,1556.50,-5382.00,257.50,99.50,209871.58,3.86,98.50,1861.00,-2346.00,466525.33
2015,1,-5628.00,31766.00,1534.50,-3434.00,255.40,99.37,209982.30,3.90,98.40,1845.00,6369.00,467295.00
2015,2,5346.00,31879.67,1538.10,-3375.00,256.70,99.23,211509.54,3.94,98.80,1830.00,6274.33,469939.67
2015,3,5364.00,31993.33,1554.70,-2640.00,257.10,99.10,213036.78,3.98,99.30,1822.00,6179.67,472584.33
2015,4,9336.00,32107.00,1553.70,-1865.00,258.00,99.40,214564.02,4.03,99.40,1847.00,6085.00,475229.00
2015,5,7507.00,32220.67,1565.80,-1580.00,258.50,99.70,214884.55,4.07,99.60,1848.00,8890.33,475333.00
2015,6,7782.00,32334.33,1580.70,-1528.00,258.90,100.00,215205.08,4.11,99.50,1820.00,11695.67,475437.00
2015,7,1909.00,32448.00,1573.60,-2920.00,258.60,99.87,215525.62,4.15,98.70,1772.00,14501.00,475541.00
2015,8,8618.00,32561.67,1572.70,-1990.00,259.80,99.73,215812.23,4.19,99.30,1752.00,9877.67,476285.33
2015,9,7838.00,32675.33,1589.60,-1359.00,259.60,99.60,216098.84,4.23,99.70,1713.00,5254.33,477029.67
2015,10,10298.00,32789.00,1592.30,-4304.00,259.50,99.53,216385.46,4.28,99.50,1684.00,631.00,477774.00
2015,11,11258.00,32902.67,1599.50,-1852.00,259.80,99.47,216942.02,4.32,98.50,1692.00,-5559.67,480291.33
2015,12,7167.00,33016.33,1608.90,-137.00,260.60,99.40,217498.58,4.36,97.80,1688.00,-11750.33,482808.67
2016,1,-8963.00,33130.00,1588.80,-539.00,258.80,99.47,218055.14,4.40,98.70,1705.00,-17941.00,485326.00
2016,2,4645.00,33243.67,1586.60,-2573.00,260.00,99.53,219504.73,4.44,98.70,1693.00,-5516.33,486715.33
2016,3,4445.00,33357.33,1602.60,-3589.00,261.10,99.60,220954.32,4.48,98.70,1676.00,6908.33,488104.67
2016,4,9004.00,33471.00,1607.40,-2043.00,261.40,99.57,222403.91,4.53,101.30,1647.00,19333.00,489494.00
2016,5,7029.00,33584.67,1614.90,-868.00,262.10,99.53,222602.01,4.57,100.30,1640.00,14607.00,490906.00
2016,6,4781.00,33698.33,1624.90,-3307.00,263.10,99.50,222800.11,4.61,99.90,1630.00,9881.00,492318.00
2016,7,340.00,33812.00,1614.30,-3279.00,263.40,99.67,222998.21,4.65,100.10,1658.00,5155.00,493730.00
2016,8,6840.00,33925.67,1622.30,-4971.00,264.40,99.83,222404.33,4.69,100.10,1606.00,-631.33,496144.67
2016,9,6548.00,34039.33,1640.00,-5490.00,264.90,100.00,221810.45,4.73,100.10,1612.00,-6417.67,498559.33
2016,10,7434.00,34153.00,1642.60,-211.00,264.80,100.27,221216.56,4.78,98.80,1600.00,-12204.00,500974.00
2016,11,8798.00,34266.67,1662.60,-1684.00,265.50,100.53,220952.22,4.82,101.00,1594.00,-12176.67,502992.00
2016,12,4976.00,34380.33,1697.20,-2333.00,267.10,100.80,220687.88,4.86,102.20,1580.00,-12149.33,505010.00
2017,1,-11705.00,34494.00,1681.10,-1758.00,265.50,100.80,220423.53,4.90,101.70,1559.00,-12122.00,507028.00
2017,2,-1242.00,34607.67,1694.50,-1555.00,268.40,100.80,220553.97,4.94,100.80,1541.00,-678.33,507641.67
2017,3,2082.00,34721.33,1726.70,-3370.00,269.30,100.80,220684.42,4.98,100.40,1530.00,10765.33,508255.33
2017,4,9062.00,34835.00,1720.30,-402.00,270.60,100.77,220814.86,5.03,100.70,1495.00,22209.00,508869.00
2017,5,7025.00,34948.67,1736.70,-2369.00,271.70,100.73,220680.31,5.07,101.30,1484.00,19150.00,510665.33
2017,6,6279.00,35062.33,1759.30,-4194.00,272.30,100.70,220545.75,5.11,101.70,1455.00,16091.00,512461.67
2017,7,-833.00,35176.00,1760.00,-2086.00,272.90,100.87,220411.20,5.15,101.90,1443.00,13032.00,514258.00
2017,8,4406.00,35289.67,1766.00,-2640.00,274.70,101.03,219744.12,5.19,101.80,1425.00,12249.33,515996.67
2017,9,5011.00,35403.33,1786.10,-639.00,275.10,101.20,219077.04,5.23,103.10,1429.00,11466.67,517735.33
2017,10,7356.00,35517.00,1789.70,-1162.00,275.30,101.27,218409.96,5.28,103.10,1439.00,10684.00,519474.00
2017,11,8014.00,35630.67,1735.80,-1977.00,275.80,101.33,218244.68,5.32,103.20,1470.00,3318.33,520444.00
2017,12,2674.00,35744.33,1760.30,-1781.00,278.10,101.40,218079.40,5.36,102.30,1453.00,-4047.33,521414.00
2018,1,-9307.00,35858.00,1741.60,-1811.00,276.00,101.20,217914.11,5.40,103.00,1423.00,-11413.00,522384.00
2018,2,1373.00,35859.00,1762.90,-461.00,278.10,101.00,218056.64,5.44,103.10,1425.00,-8765.67,524082.33
2018,3,844.00,35860.00,1778.90,-2767.00,278.30,100.80,218199.16,5.48,102.90,1416.00,-6118.33,525780.67
2018,4,5532.00,35861.00,1777.10,-2944.00,279.70,100.90,218341.69,5.53,102.30,1411.00,-3471.00,527479.00
2018,5,4156.00,35862.00,1780.90,-2722.00,280.70,101.00,218160.08,5.57,101.90,1360.00,-6198.67,529301.00
2018,6,3166.00,35863.00,1790.30,-1342.00,281.50,101.10,217978.47,5.61,102.80,1361.00,-8926.33,531123.00
2018,7,-3338.00,35864.00,1776.60,-2477.00,281.70,101.27,217796.86,5.65,103.10,1363.00,-11654.00,532945.00
2018,8,5606.00,35865.00,1782.20,-4330.00,284.20,101.43,216590.67,5.69,103.20,1381.00,-9206.35,532946.00
2018,9,3067.00,35866.00,1790.40,-1976.00,284.10,101.60,215384.47,5.73,102.60,1380.00,-9569.02,532947.00
2018,10,7656.00,35867.00,1792.50,-3037.00,284.50,101.77,214178.28,5.78,102.10,1372.00,-9931.70,533858.50
2018,11,7116.00,35868.00,1795.20,-2904.00,284.60,101.93,214179.28,5.82,101.70,1383.10,-10294.38,534405.80
2018,12,2976.00,35887.78,1808.90,-2650.00,285.60,102.10,214180.28,5.86,101.15,1387.00,-10657.06,534953.10
,,,,,,,,,,,,,
