Year,GDP,Month,Expenditure On R&D,Net Debt,Output Per Worker,House Prices,Wage - Annual Growth,Infex Of Production,Unemployed
1981,69926,1,6021,111.2,55.93,95293.79,7.5,76.5,2330
1981,70368.67,2,6047.75,112.5,56.07,94273.08,7.43,77.2,2403
1981,70811.33,3,6074.5,113.8,56.2,93252.38,7.35,77.2,2476
1981,71254,4,6101.25,114.75,56.43,92231.68,7.28,77.6,2544
1981,71904,5,6128,115.7,56.67,91858.13,7.2,76.4,2588
1981,72554,6,6154.75,116.65,56.9,91484.57,7.13,78.1,2624
1981,73204,7,6181.5,117.6,57.23,91111.02,7.05,78.4,2654
1981,73974.33,8,6208.25,118.55,57.57,89890.79,6.98,78.5,2684
1981,74744.67,9,6235,119.5,57.9,88670.56,6.9,78.7,2713
1981,75515,10,6261.75,120.45,58.07,87450.33,6.83,80.5,2740
1981,76151.67,11,6288.5,121.4,58.23,87426.65,6.75,79.5,2761
1981,76788.33,12,6315.25,122.35,58.4,87402.98,6.68,78.3,2780
1982,77425,1,6342,123.3,58.47,87379.3,6.6,78.4,2792
1982,77912.33,2,6368.83,124.25,58.53,87071.9,6.64,78.9,2803
1982,78399.67,3,6395.67,125.2,58.6,86764.49,6.68,79,2813
1982,78887,4,6422.5,125.81,58.93,86457.08,6.73,80,2824
1982,79371,5,6449.33,126.42,59.27,86653.67,6.77,80.7,2841
1982,79855,6,6476.17,127.03,59.6,86850.25,6.81,79.7,2857
1982,80339,7,6503,127.63,59.8,87046.84,6.85,79.7,2877
1982,81079,8,6529.83,128.24,60,87540.61,6.89,80.3,2897
1982,81819,9,6556.67,128.85,60.2,88034.38,6.93,80.4,2917
1982,82559,10,6583.5,129.46,60.43,88528.15,6.98,79.9,2938
1982,83573.33,11,6610.33,130.07,60.67,89221.12,7.02,78.5,2960
1982,84587.67,12,6637.17,130.68,60.9,89914.09,7.06,79.7,2976
1983,85602,1,6664,131.28,61.4,90607.06,7.1,80.7,2988
1983,85848.33,2,6713.08,131.89,61.9,91213.6,7.11,81.8,2998
1983,86094.67,3,6762.17,132.5,62.4,91820.14,7.12,80.7,3008
1983,86341,4,6811.25,133.43,62.5,92426.68,7.13,81.6,3023
1983,87045.67,5,6860.33,134.35,62.6,92907.78,7.13,82.6,3049
1983,87750.33,6,6909.42,135.28,62.7,93388.87,7.14,81.4,3074
1983,88455,7,6958.5,136.2,62.8,93869.97,7.15,82.7,3093
1983,89207,8,7007.58,137.13,62.9,94000.6,7.16,82.8,3109
1983,89959,9,7056.67,138.05,63,94131.23,7.17,83.2,3125
1983,90711,10,7105.75,138.98,63,94261.87,7.18,84,3146
1983,90985.33,11,7154.83,139.9,63,95229.97,7.18,83.9,3167
1983,91259.67,12,7203.92,140.83,63,96198.08,7.19,84.3,3189
1984,91534,1,7253,141.75,63.07,97166.19,7.2,85.5,3215
1984,92150.67,2,7302.08,142.68,63.13,97748.79,7.37,84.8,3243
1984,92767.33,3,7351.17,143.6,63.2,98331.39,7.53,83.7,3263
1984,93384,4,7400.25,144.72,62.87,98914,7.7,82.1,3278
1984,93820.33,5,7449.33,145.83,62.53,99066.68,7.87,81.6,3265
1984,94256.67,6,7498.42,146.95,62.2,99219.36,8.03,82.2,3256
1984,94693,7,7547.5,148.07,62.23,99372.04,8.2,80.9,3242
1984,95784,8,7596.58,149.18,62.27,100358.57,8.37,80.6,3238
1984,96875,9,7645.67,150.3,62.3,101345.11,8.53,82,3233
1984,97966,10,7694.75,151.42,62.57,102331.64,8.7,82.1,3229
1984,98265.33,11,7743.83,152.53,62.83,102566.83,8.87,81.6,3217
1984,98564.67,12,7792.92,153.65,63.1,102802.01,9.03,83,3206
1985,98864,1,7842,154.77,63.3,103037.19,9.2,84.4,3195
1985,100360.67,2,7894.92,155.88,63.5,102891.7,9.09,84.4,3180
1985,101857.33,3,7947.83,157,63.7,102746.21,8.98,86.6,3169
1985,103354,4,8000.75,157.46,64.13,102600.72,8.88,87.3,3156
1985,103881.67,5,8053.67,157.92,64.57,103018.43,8.77,88.2,3152
1985,104409.33,6,8106.58,158.38,65,103436.14,8.66,90,3145
1985,104937,7,8159.5,158.83,64.97,103853.85,8.55,86.6,3139
1985,105682.67,8,8212.42,159.29,64.93,104440.66,8.44,87.3,3137
1985,106428.33,9,8265.33,159.75,64.9,105027.47,8.33,88.9,3135
1985,107174,10,8318.25,160.21,64.9,105614.28,8.23,87.1,3133
1985,107652.67,11,8371.17,160.67,64.9,105566.62,8.12,88.1,3135
1985,108131.33,12,8424.08,161.13,64.9,105518.95,8.01,85.8,3138
1986,108610,1,8477,161.58,65.03,105471.29,7.9,86.9,3143
1986,109164.67,2,8524.33,162.04,65.17,106335.21,7.95,87.6,3150
1986,109719.33,3,8571.67,162.5,65.3,107199.12,8,88.4,3151
1986,110274,4,8619,162.94,65.5,108063.04,8.05,89.5,3154
1986,110871.67,5,8666.33,163.38,65.7,109227.93,8.1,88,3159
1986,111469.33,6,8713.67,163.83,65.9,110392.83,8.15,89.2,3168
1986,112067,7,8761,164.27,65.97,111557.72,8.2,88.5,3175
1986,113198.67,8,8808.33,164.71,66.03,112396.62,8.25,88.5,3177
1986,114330.33,9,8855.67,165.15,66.1,113235.51,8.3,90.7,3171
1986,115462,10,8903,165.59,66.37,114074.4,8.35,91,3165
1986,116314,11,8950.33,166.03,66.63,114841.91,8.4,90.7,3156
1986,117166,12,8997.67,166.48,66.9,115609.42,8.45,91,3150
1987,118018,1,9045,166.92,67,116376.93,8.5,89.3,3134
1987,119242.67,2,9110.42,167.36,67.1,117733.96,8.78,92.2,3113
1987,120467.33,3,9175.83,167.8,67.2,119090.99,9.07,91.8,3090
1987,121692,4,9241.25,167.77,67.43,120448.02,9.35,91,3061
1987,123317.33,5,9306.67,167.73,67.67,121717.94,9.63,92.7,3021
1987,124942.67,6,9372.08,167.7,67.9,122987.87,9.92,92.3,2973
1987,126568,7,9437.5,167.67,68.17,124257.79,10.2,94,2929
1987,127464,8,9502.92,167.63,68.43,123743.69,10.48,93.7,2885
1987,128360,9,9568.33,167.6,68.7,123229.59,10.77,93.1,2838
1987,129256,10,9633.75,167.57,68.73,122715.49,11.05,94.2,2788
1987,130529.67,11,9699.17,167.53,68.77,123193.9,11.33,94.1,2741
1987,131803.33,12,9764.58,167.5,68.8,123672.31,11.62,94.9,2697
1988,133077,1,9830,167.47,69,124150.72,11.9,95.8,2657
1988,134020,2,9919.5,167.43,69.2,126618.86,11.88,94.7,2613
1988,134963,3,10009,167.4,69.4,129087.01,11.85,96.2,2569
1988,135906,4,10098.5,166.26,69.4,131555.15,11.83,95.4,2526
1988,137465.33,5,10188,165.12,69.4,135733.77,11.8,96.5,2490
1988,139024.67,6,10277.5,163.98,69.4,139912.39,11.78,96.8,2452
1988,140584,7,10367,162.83,69.6,144091.01,11.75,97.3,2416
1988,142165.67,8,10456.5,161.69,69.8,145635.25,11.73,98.4,2385
1988,143747.33,9,10546,160.55,70,147179.48,11.7,99.4,2361
1988,145329,10,10635.5,159.41,70.03,148723.72,11.68,98.3,2333
1988,146347,11,10725,158.27,70.07,149875.29,11.65,99.3,2293
1988,147365,12,10814.5,157.13,70.1,151026.86,11.63,98.7,2253
1989,148383,1,10904,155.98,70,152178.44,11.6,99.2,2213
1989,149266.67,2,10978.67,154.84,69.9,153009.93,11.52,99.4,2179
1989,150150.33,3,11053.33,153.7,69.8,153841.42,11.43,98.2,2140
1989,151034,4,11128,153.55,69.8,154672.92,11.35,100.6,2106
1989,152439,5,11202.67,153.4,69.8,154625.33,11.27,98,2083
1989,153844,6,11277.33,153.25,69.8,154577.74,11.18,98.1,2071
1989,155249,7,11352,153.1,69.77,154530.16,11.1,98.3,2057
1989,156404.33,8,11426.67,152.95,69.73,152493.78,11.02,100.3,2045
1989,157559.67,9,11501.33,152.8,69.7,150457.4,10.93,99.9,2034
1989,158715,10,11576,152.65,69.7,148421.02,10.85,99.2,2027
1989,159752.67,11,11650.67,152.5,69.7,146049.31,10.77,100.1,2021
1989,160790.33,12,11725.33,152.35,69.7,143677.6,10.68,100,2012
1990,161828,1,11800,152.2,69.83,141305.89,10.6,98.9,2006
1990,163315.67,2,11818.92,152.05,69.97,138756.01,10.21,98.3,2004
1990,164803.33,3,11837.83,151.9,70.1,136206.13,9.82,99.7,2004
1990,166291,4,11856.75,151.83,70.17,133656.26,9.43,100.3,2004
1990,167332.33,5,11875.67,151.77,70.23,131635.36,9.03,99.7,2002
1990,168373.67,6,11894.58,151.7,70.3,129614.47,8.64,101.3,2009
1990,169415,7,11913.5,151.63,70.13,127593.57,8.25,98.8,2024
1990,169577,8,11932.42,151.57,69.97,125238.09,7.86,98.9,2049
1990,169739,9,11951.33,151.5,69.8,122882.61,7.47,98.4,2079
1990,169901,10,11970.25,151.43,69.9,120527.12,7.08,98.3,2115
1990,170918,11,11989.17,151.37,70,120041.52,6.68,97.8,2158
1990,171935,12,12008.08,151.3,70.1,119555.91,6.29,97.3,2196
1991,172952,1,12027,151.23,70.23,119070.31,5.9,97,2244
1991,173639.67,2,12055.17,151.17,70.37,118859.11,5.68,97,2306
1991,174327.33,3,12083.33,151.1,70.5,118647.92,5.45,96,2378
1991,175015,4,12111.5,152.33,70.73,118436.72,5.23,94.7,2442
1991,175544.67,5,12139.67,153.55,70.97,117894.83,5,95.8,2492
1991,176074.33,6,12167.83,154.78,71.2,117352.94,4.78,96.2,2540
1991,176604,7,12196,156,71.43,116811.05,4.55,95.3,2585
1991,177455,8,12224.17,157.23,71.67,115546.77,4.33,94.4,2624
1991,178306,9,12252.33,158.45,71.9,114282.49,4.1,94.5,2652
1991,179157,10,12280.5,159.68,72.1,113018.21,3.88,95.7,2675
1991,179676.67,11,12308.67,160.9,72.3,111812.4,3.65,95.9,2697
1991,180196.33,12,12336.83,162.13,72.5,110606.59,3.43,95.5,2714
1992,180716,1,12365,163.35,72.57,109400.78,3.2,95.4,2735
1992,180845.33,2,12433.67,164.58,72.63,108966.47,3.14,96,2762
1992,180974.67,3,12502.33,165.8,72.7,108532.16,3.08,95.7,2782
1992,181104,4,12571,168.81,72.83,108097.85,3.03,96.2,2796
1992,181262,5,12639.67,171.82,72.97,107836.21,2.97,94.3,2777
1992,181420,6,12708.33,174.83,73.1,107574.57,2.91,95.3,2803
1992,181578,7,12777,177.83,73.37,107312.93,2.85,96.1,2816
1992,182574.33,8,12845.67,180.84,73.63,105744.56,2.79,96,2815
1992,183570.67,9,12914.33,183.85,73.9,104176.18,2.73,96.7,2850
1992,184567,10,12983,186.86,74.23,102607.81,2.68,97.6,2899
1992,186028.33,11,13051.67,189.87,74.57,102802.51,2.62,96.3,2932
1992,187489.67,12,13120.33,192.88,74.9,102997.2,2.56,96.3,2983
1993,188951,1,13189,195.88,75.1,103191.9,2.5,96.4,3023
1993,189108,2,13230.25,198.89,75.3,103863.75,2.6,97.7,3004
1993,189265,3,13271.5,201.9,75.5,104535.6,2.7,96.9,2988
1993,189422,4,13312.75,210.1,75.63,105207.45,2.8,97,2952
1993,190562.33,5,13354,214.7,75.77,104992.4,2.9,97.7,2931
1993,191702.67,6,13395.25,216.1,75.9,104777.36,3,97.2,2927
1993,192843,7,13436.5,220.4,76.1,104562.31,3.1,98.1,2906
1993,193626,8,13477.75,224.9,76.3,103972.01,3.2,98.3,2890
1993,194409,9,13519,229.8,76.5,103381.71,3.3,98.7,2892
1993,195192,10,13560.25,230.1,76.67,102791.41,3.4,99,2885
1993,196168.33,11,13601.5,231.1,76.83,102928.69,3.5,99.8,2892
1993,197144.67,12,13642.75,234.9,77,103065.97,3.6,100.1,2892
1994,198121,1,13684,234.7,77.2,103203.26,3.7,100.7,2845
1994,198701.67,2,13713.17,238.5,77.4,102631.26,3.76,101,2806
1994,199282.33,3,13742.33,249.8,77.6,102059.27,3.82,101.5,2769
1994,199863,4,13771.5,254.3,77.83,101487.28,3.88,102.7,2750
1994,200611,5,13800.67,259.1,78.07,101706.88,3.93,104.1,2736
1994,201359,6,13829.83,262.9,78.3,101926.47,3.99,102.8,2705
1994,202107,7,13859,265,78.43,102146.07,4.05,103.4,2691
1994,203514.33,8,13888.17,268.7,78.57,102185.62,4.11,103.8,2639
1994,204921.67,9,13917.33,273.5,78.7,102225.17,4.17,104.8,2608
1994,206329,10,13946.5,274.4,78.83,102264.72,4.23,105,2556
1994,206594.67,11,13975.67,277.3,78.97,101295.42,4.28,104.9,2521
1994,206860.33,12,14004.83,278.4,79.1,100326.11,4.34,105.9,2497
1995,207126,1,14034,275.3,79.1,99356.81,4.4,104.1,2496
1995,207981,2,14068.42,280.7,79.1,99108.14,4.4,104.1,2497
1995,208836,3,14102.83,290,79.1,98859.48,4.4,104.5,2490
1995,209691,4,14137.25,293.9,79.03,98610.81,4.4,105.4,2473
1995,210974,5,14171.67,297.7,78.97,98333.26,4.4,105.3,2445
1995,212257,6,14206.08,301.4,78.9,98055.71,4.4,104.6,2448
1995,213540,7,14240.5,302.6,79.03,97778.15,4.4,105.3,2439
1995,214419.67,8,14274.92,306.4,79.17,97478.56,4.4,105.5,2447
1995,215299.33,9,14309.33,310.7,79.3,97178.97,4.4,105.8,2438
1995,216179,10,14343.75,310.5,79.23,96879.38,4.4,105.4,2421
1995,217567,11,14378.17,313.6,79.17,96983.79,4.4,105.9,2353
1995,218955,12,14412.58,313.6,79.1,97088.21,4.4,106.5,2377
1996,220343,1,14447,308.7,79.33,97192.63,4.4,106.1,2357
1996,221892,2,14467,311.7,79.57,97826.85,4.65,106.8,2330
1996,223441,3,14487,322.1,79.8,98461.07,4.9,107,2350
1996,224990,4,14507,324.9,79.9,99095.29,5.15,105.7,2347
1996,225974,5,14527,329.3,80,99637.29,5.4,106.4,2340
1996,226958,6,14547,333,80.1,100179.29,5.65,105.8,2314
1996,227942,7,14567,331,80.2,100721.29,5.9,105.7,2285
1996,228680.33,8,14587,335.9,80.3,101242.59,6.15,106.5,2285
1996,229418.67,9,14607,339.3,80.4,101763.89,6.4,107.1,2287
1996,230157,10,14627,335.6,80.5,102285.19,6.65,107,2262
1996,230945.33,11,14647,339.1,80.6,102475.45,6.9,107.5,2229
1996,231733.67,12,14667,341.9,80.7,102665.71,7.15,108.1,2181
1997,232522,1,14687,335.1,81.07,102855.98,7.4,108.5,2131
1997,233363.67,2,14755,338.5,81.43,103997.24,7.47,108.6,2085
1997,234205.33,3,14823,347,81.8,105138.5,7.53,107.3,2052
1997,235047,4,14891,353.1,81.87,106279.76,7.6,107.9,2047
1997,237258.33,5,14959,357.4,81.93,107349.19,7.67,107.2,2051
1997,239469.67,6,15027,364.5,82,108418.61,7.73,107.4,2083
1997,241681,7,15095,360.5,82.03,109488.04,7.8,109.3,2022
1997,241021.67,8,15163,362.1,82.07,109839.82,7.87,107.3,1951
1997,240362.33,9,15231,364.8,82.1,110191.59,7.93,107.8,1909
1997,239703,10,15299,358.9,82.23,110543.37,8,108.5,1887
1997,240835.67,11,15367,362.7,82.37,111066.2,8.07,108.9,1864
1997,241968.33,12,15435,364,82.5,111589.03,8.13,108.5,1821
1998,243101,1,15503,352.8,82.77,112111.86,8.2,108.9,1816
1998,243887.33,2,15625.92,350.9,83.03,112784.09,8.06,109.7,1813
1998,244673.67,3,15748.83,358.6,83.3,113456.33,7.92,110.2,1799
1998,245460,4,15871.75,355.3,83.57,114128.57,7.78,110.1,1787
1998,246252.33,5,15994.67,358.8,83.83,114670.32,7.63,109.2,1791
1998,247044.67,6,16117.58,365.2,84.1,115212.07,7.49,109.3,1800
1998,247837,7,16240.5,360.6,84.23,115753.82,7.35,109.6,1807
1998,250171.33,8,16363.42,362,84.37,115550.98,7.21,108.8,1786
1998,252505.67,9,16486.33,363.4,84.5,115348.14,7.07,108.8,1782
1998,254840,10,16609.25,356.3,84.63,115145.3,6.93,108.9,1768
1998,255349,11,16732.17,358.8,84.77,115986.41,6.78,108.8,1764
1998,255858,12,16855.08,361.2,84.9,116827.51,6.64,109.1,1790
1999,256367,1,16978,349.4,84.9,117668.62,6.5,108.6,1794
1999,255811,2,17041.17,349.1,84.9,118714.29,6.53,108.6,1780
1999,255255,3,17104.33,357.8,84.9,119759.96,6.57,109.5,1773
1999,254699,4,17167.5,354.9,84.93,120805.64,6.6,108.4,1760
1999,255793.33,5,17230.67,356.8,84.97,122125.13,6.63,109.3,1743
1999,256887.67,6,17293.83,362.8,85,123444.62,6.67,110,1723
1999,257982,7,17357,356.7,85.4,124764.11,6.7,110.3,1705
1999,259358,8,17420.17,356.4,85.8,125754.73,6.73,112,1702
1999,260734,9,17483.33,357.5,86.2,126745.35,6.77,112.3,1687
1999,262110,10,17546.5,348.9,86.5,127735.97,6.8,112.1,1693
1999,264140.67,11,17609.67,349.6,86.8,129305.25,6.83,112.5,1684
1999,266171.33,12,17672.83,364.4,87.1,130874.52,6.87,111.6,1702
2000,268202,1,17736,344.8,87.33,132443.8,6.9,111.4,1685
2000,269425.33,2,17803.58,341.8,87.57,133596.37,6.9,112.7,1682
2000,270648.67,3,17871.17,349.3,87.8,134748.95,6.9,112.5,1655
2000,271872,4,17938.75,342.6,87.8,135901.52,6.9,112.1,1640
2000,272619.67,5,18006.33,330.6,87.8,135673.73,6.9,112.5,1599
2000,273367.33,6,18073.92,337.7,87.8,135445.94,6.9,113.1,1551
2000,274115,7,18141.5,330.2,87.77,135218.15,6.9,111.8,1529
2000,274460.67,8,18209.08,329.8,87.73,135313.15,6.9,113.1,1548
2000,274806.33,9,18276.67,321.9,87.7,135408.16,6.9,111.9,1571
2000,275152,10,18344.25,315.6,87.73,135503.16,6.9,112.1,1540
2000,275947.67,11,18411.83,317.6,87.77,136856.6,6.9,113.1,1520
2000,276743.33,12,18479.42,328.2,87.8,138210.04,6.9,112.7,1504
2001,277539,1,18547,311.6,88.07,139563.48,6.9,112.6,1516
2001,279205.33,2,18605,309.5,88.33,141005.62,6.57,111.8,1481
2001,280871.67,3,18663,316.7,88.6,142447.76,6.23,112,1459
2001,282538,4,18721,313.2,88.77,143889.9,5.9,110.6,1431
2001,282838.67,5,18779,316.5,88.93,145728.06,5.57,110.7,1468
2001,283139.33,6,18837,324.6,89.1,147566.22,5.23,111,1472
2001,283440,7,18895,316.8,89.27,149404.38,4.9,109.8,1483
2001,284268.67,8,18953,316,89.43,150274.44,4.57,111.8,1487
2001,285097.33,9,19011,318.2,89.6,151144.51,4.23,110.5,1487
2001,285926,10,19069,313,89.6,152014.58,3.9,109.4,1495
2001,287120,11,19127,318.4,89.6,153530.44,3.57,109,1520
2001,288314,12,19185,328.8,89.6,155046.3,3.23,109.3,1518
2002,289508,1,19243,317.4,89.7,156562.16,2.9,109.2,1508
2002,290711.33,2,19283.33,315,89.8,160343.96,2.98,109.3,1515
2002,291914.67,3,19323.67,323.1,89.9,164125.76,3.07,110.3,1522
2002,293118,4,19364,321.5,89.97,167907.56,3.15,109.9,1542
2002,294596.33,5,19404.33,324.2,90.03,171667.16,3.23,111.4,1520
2002,296074.67,6,19444.67,331.3,90.1,175426.77,3.32,106.2,1527
2002,297553,7,19485,325.4,90.33,179186.38,3.4,108.6,1539
2002,299294.33,8,19525.33,328.1,90.57,181379.26,3.48,109.6,1566
2002,301035.67,9,19565.67,334.5,90.8,183572.14,3.57,109.4,1546
2002,302777,10,19606,341.1,90.87,185765.03,3.65,108.8,1532
2002,304233.67,11,19646.33,347.1,90.93,187542.82,3.73,108.5,1516
2002,305690.33,12,19686.67,358.8,91,189320.61,3.82,108.6,1480
2003,307147,1,19727,345.4,91.23,191098.4,3.9,107.6,1517
2003,308041.67,2,19769.92,344.2,91.47,193218.36,3.99,108.4,1531
2003,308936.33,3,19812.83,356.2,91.7,195338.33,4.08,108.4,1517
2003,309831,4,19855.75,349.2,91.9,197458.29,4.18,107.8,1486
2003,311405.33,5,19898.67,353.8,92.1,199569.67,4.27,107.6,1467
2003,312979.67,6,19941.58,362.2,92.3,201681.05,4.36,108.4,1506
2003,314554,7,19984.5,357.8,92.53,203792.43,4.45,108.8,1504
2003,316474.33,8,20027.42,361.1,92.77,205539.16,4.54,108.7,1502
2003,318394.67,9,20070.33,369.8,93,207285.89,4.63,108.6,1473
2003,320315,10,20113.25,369.1,93.17,209032.62,4.73,109.6,1461
2003,321147.33,11,20156.17,376.1,93.33,211344.64,4.82,108.8,1457
2003,321979.67,12,20199.08,390.2,93.5,213656.67,4.91,109.5,1442
2004,322812,1,20242,376,93.47,215968.69,5,109,1436
2004,324604,2,20397.33,376.8,93.43,219822.92,4.88,108.9,1434
2004,326396,3,20552.67,391,93.4,223677.15,4.75,111,1437
2004,328188,4,20708,399.9,93.53,227531.38,4.63,110.4,1435
2004,328614.67,5,20863.33,405.4,93.67,229635.54,4.5,109.8,1437
2004,329041.33,6,21018.67,417.2,93.8,231739.69,4.38,109.8,1423
2004,329468,7,21174,410.9,93.73,233843.84,4.25,108.1,1405
2004,330440.67,8,21329.33,413.7,93.67,232590.45,4.13,108.1,1401
2004,331413.33,9,21484.67,423.6,93.6,231337.06,4,108.3,1397
2004,332386,10,21640,421.7,93.53,230083.67,3.88,108.6,1407
2004,333906.33,11,21795.33,433.3,93.47,230044.96,3.75,109.1,1423
2004,335426.67,12,21950.67,448.7,93.4,230006.25,3.63,109.2,1425
2005,336947,1,22106,432.5,93.57,229967.54,3.5,108.8,1447
2005,339838.33,2,22179.92,432.6,93.73,231421.6,3.7,109,1416
2005,342729.67,3,22253.83,446.5,93.9,232875.67,3.9,106.9,1420
2005,345621,4,22327.75,445.4,94.27,234329.73,4.1,109.3,1436
2005,346728.67,5,22401.67,449.5,94.63,234111.65,4.3,109.5,1437
2005,347836.33,6,22475.58,461.1,95,233893.58,4.5,109.3,1424
2005,348944,7,22549.5,454.9,95.3,233675.5,4.7,108.7,1420
2005,351709.67,8,22623.42,460.1,95.6,233115.23,4.9,107.8,1437
2005,354475.33,9,22697.33,471.6,95.9,232554.97,5.1,107.3,1500
2005,357241,10,22771.25,467.6,96.5,231994.7,5.3,107.2,1538
2005,358449.67,11,22845.17,476,97.1,233232.39,5.5,108.5,1567
2005,359658.33,12,22919.08,492.2,97.7,234470.08,5.7,109.7,1551
2006,360867,1,22993,469.6,97.53,235707.78,5.9,109.7,1584
2006,362079,2,23134.92,471.7,97.37,236627.34,5.9,109.2,1604
2006,363291,3,23276.83,487.2,97.2,237546.9,5.9,109.5,1633
2006,364503,4,23418.75,485.9,97.13,238466.46,5.9,108.7,1664
2006,365845,5,23560.67,494.6,97.07,239423.99,5.9,108.7,1685
2006,367187,6,23702.58,508.1,97,240381.52,5.9,109.3,1698
2006,368529,7,23844.5,496,96.93,241339.04,5.9,108.3,1690
2006,369687,8,23986.42,500.2,96.87,242203.65,5.9,109.3,1693
2006,370845,9,24128.33,512.7,96.8,243068.26,5.9,109.6,1691
2006,372003,10,24270.25,504.8,96.87,243932.86,5.9,109.2,1674
2006,373944.33,11,24412.17,513,96.93,244927.99,5.9,109.7,1701
2006,375885.67,12,24554.08,527.3,97,245923.11,5.9,108.7,1703
2007,377827,1,24696,506.2,97.37,246918.24,5.9,110,1708
2007,379089.67,2,24750.08,507,97.73,248487.95,5.58,109.3,1704
2007,380352.33,3,24804.17,523.6,98.1,250057.66,5.27,109.4,1692
2007,381615,4,24858.25,520.9,98.23,251627.38,4.95,108.8,1670
2007,383918,5,24912.33,528.6,98.37,252369.76,4.63,110.6,1658
2007,386221,6,24966.42,540.1,98.5,253112.14,4.32,109.3,1645
2007,388524,7,25020.5,527.4,98.6,253854.52,4,109,1645
2007,390174.67,8,25074.58,532.1,98.7,252687.52,3.68,109.7,1650
2007,391825.33,9,25128.67,541.2,98.8,251520.52,3.37,108.6,1629
2007,393476,10,25182.75,537.1,98.9,250353.52,3.05,109.6,1633
2007,395329,11,25236.83,547,99,247767.6,2.73,109.8,1608
2007,397182,12,25290.92,562.5,99.1,245181.68,2.42,109.6,1617
2008,399035,1,25345,540.3,99.13,242595.76,2.1,109.8,1622
2008,398381.67,2,25368.92,544.9,99.17,238874.93,1.94,110.1,1622
2008,397728.33,3,25392.83,557.2,99.2,235154.11,1.78,108,1667
2008,397075,4,25416.75,559.2,98.93,231433.29,1.63,109.5,1625
2008,396258.67,5,25440.67,570.6,98.67,226605.33,1.47,108.3,1680
2008,395442.33,6,25464.58,589.5,98.4,221777.38,1.31,107.5,1724
2008,394626,7,25488.5,615.9,98.07,216949.43,1.15,106.9,1793
2008,392770.67,8,25512.42,626.9,97.73,213894.51,0.99,108,1840
2008,390915.33,9,25536.33,665.1,97.4,210839.6,0.83,106.9,1875
2008,389060,10,25560.25,672.5,96.83,207784.68,0.68,105.1,1941
2008,386994.67,11,25584.17,684.9,96.27,206083,0.52,101.7,2003
2008,384929.33,12,25608.08,733.8,95.7,204381.31,0.36,100.3,2057
2009,382864,1,25632,731.9,95.27,202679.62,0.2,97.6,2128
2009,382728.33,2,25677.08,740.7,94.83,204089.83,0.29,97.5,2235
2009,382592.67,3,25722.17,768.3,94.4,205500.04,0.38,97.1,2296
2009,382457,4,25767.25,783.4,94.6,206910.26,0.48,98.6,2395
2009,383461,5,25812.33,804.9,94.8,209035.78,0.57,96.8,2448
2009,384465,6,25857.42,830.6,95,211161.31,0.66,97.5,2478
2009,385469,7,25902.5,836.5,95.07,213286.83,0.75,97.8,2484
2009,385787,8,25947.58,839.8,95.13,213326.28,0.84,95.6,2475
2009,386105,9,25992.67,859.7,95.2,213365.73,0.93,96.5,2484
2009,386423,10,26037.75,868,95.23,213405.19,1.03,97.2,2455
2009,387996,11,26082.83,883.3,95.27,212961.23,1.12,97.8,2453
2009,389569,12,26127.92,940.3,95.3,212517.27,1.21,97.6,2434
2010,391142,1,26173,977.1,95.57,212073.31,1.3,97.9,2496
2010,393177.33,2,26279.58,984.3,95.83,213228.41,1.33,98.9,2526
2010,395212.67,3,26386.17,1011.9,96.1,214383.51,1.35,100.8,2510
2010,397248,4,26492.75,1017.9,96.2,215538.61,1.38,100.6,2508
2010,397464.33,5,26599.33,1031.4,96.3,214639.87,1.4,100.5,2488
2010,397680.67,6,26705.92,1053.5,96.4,213741.12,1.43,99.7,2488
2010,397897,7,26812.5,1057.8,96.43,212842.38,1.45,100,2476
2010,398991,8,26919.08,1067.2,96.47,210223.5,1.48,100.8,2470
2010,400085,9,27025.67,1092.1,96.5,207604.62,1.5,101,2513
2010,401179,10,27132.25,1094.7,96.63,204985.74,1.53,101.4,2502
2010,404501.33,11,27238.83,1112.4,96.77,203587.45,1.55,101.8,2503
2010,407823.67,12,27345.42,1138.4,96.9,202189.15,1.58,101.7,2524
2011,411146,1,27452,1125.1,96.97,200790.85,1.6,102.3,2492
2011,410359.67,2,27435.75,1132.9,97.03,201427.75,1.63,100.2,2483
2011,409573.33,3,27419.5,1157.6,97.1,202064.64,1.65,100.2,2462
2011,408787,4,27403.25,1162.1,97.1,202701.54,1.68,99.5,2500
2011,409278.67,5,27387,1172.4,97.1,202262.36,1.7,100.1,2540
2011,409770.33,6,27370.75,1192.6,97.1,201823.19,1.73,100.1,2556
2011,410262,7,27354.5,1185.6,97.3,201384.01,1.75,99.7,2612
2011,411625,8,27338.25,1202.2,97.5,199986,1.78,99.4,2664
2011,412988,9,27322,1210.1,97.7,198587.99,1.8,99.2,2680
2011,414351,10,27305.75,1210.1,97.67,197189.98,1.83,99.3,2708
2011,415401.33,11,27289.5,1220.6,97.63,196096.25,1.85,98.9,2684
2011,416451.67,12,27273.25,1242.4,97.6,195002.53,1.88,98.8,2670
2012,417502,1,27257,1226.7,97.73,193908.8,1.9,98.9,2653
2012,417700.67,2,27403.5,1234.9,97.87,194092.38,2.01,98.8,2633
2012,417899.33,3,27550,1253.1,98,194275.96,2.12,97.8,2624
2012,418098,4,27696.5,1253.5,97.7,194459.54,2.23,97.4,2605
2012,421648,5,27843,1264.3,97.4,193810.65,2.33,98,2582
2012,425198,6,27989.5,1283.8,97.1,193161.75,2.44,96.4,2600
2012,428748,7,28136,1284.1,97.33,192512.86,2.55,99,2550
2012,429188.33,8,28282.5,1286.1,97.57,191374.77,2.66,98.4,2538
2012,429628.67,9,28429,1303.7,97.8,190236.68,2.77,95,2534
2012,430069,10,28575.5,1313.9,97.57,189098.59,2.88,94.2,2530
2012,431042.33,11,28722,1328.2,97.33,188792.57,2.98,95.5,2535
2012,432015.67,12,28868.5,1350.7,97.1,188486.54,3.09,96,2537
2013,432989,1,29015,1332.1,97.33,188180.51,3.2,95.3,2587
2013,434095,2,29145.17,1337.6,97.57,189218.31,3.22,95.4,2541
2013,435201,3,29275.33,1363.6,97.8,190256.1,3.23,95.9,2530
2013,436307,4,29405.5,1367.1,97.77,191293.9,3.25,95.7,2511
2013,438986.67,5,29535.67,1382.5,97.73,192363.4,3.27,96.1,2515
2013,441666.33,6,29665.83,1397,97.7,193432.9,3.28,96.9,2492
2013,444346,7,29796,1393.6,97.77,194502.4,3.3,96.9,2502
2013,445465.67,8,29926.17,1399.4,97.83,195420.85,3.32,96.3,2481
2013,446585.33,9,30056.33,1415.4,97.9,196339.29,3.33,97.2,2403
2013,447705,10,30186.5,1416.9,97.87,197257.73,3.35,97.1,2338
2013,449764.33,11,30316.67,1431.9,97.83,198274.62,3.37,97,2358
2013,451823.67,12,30446.83,1453.3,97.8,199291.51,3.38,97.5,2341
2014,453883,1,30577,1441.3,97.87,200308.4,3.4,97.1,2260
2014,456154,2,30676.08,1447.4,97.93,202890.98,3.44,97.5,2213
2014,458425,3,30775.17,1464.4,98,205473.56,3.48,97.6,2167
2014,460696,4,30874.25,1469,98.13,208056.14,3.53,97.7,2110
2014,462040.67,5,30973.33,1483.3,98.27,208652.63,3.57,97.8,2061
2014,463385.33,6,31072.42,1500.8,98.4,209249.12,3.61,97.8,2009
2014,464730,7,31171.5,1496.4,98.6,209845.61,3.65,98.2,1968
2014,464815.33,8,31270.58,1500.4,98.8,209780.46,3.69,97.7,1957
2014,464900.67,9,31369.67,1518.1,99,209715.3,3.73,98.3,1952
2014,464986,10,31468.75,1523.8,99.17,209650.15,3.78,98.1,1922
2014,465755.67,11,31567.83,1532.4,99.33,209760.87,3.82,98.4,1872
2014,466525.33,12,31666.92,1556.5,99.5,209871.58,3.86,98.5,1861
2015,467295,1,31766,1534.5,99.37,209982.3,3.9,98.4,1845
2015,469939.67,2,31879.67,1538.1,99.23,211509.54,3.94,98.8,1830
2015,472584.33,3,31993.33,1554.7,99.1,213036.78,3.98,99.3,1822
2015,475229,4,32107,1553.7,99.4,214564.02,4.03,99.4,1847
2015,475333,5,32220.67,1565.8,99.7,214884.55,4.07,99.6,1848
2015,475437,6,32334.33,1580.7,100,215205.08,4.11,99.5,1820
2015,475541,7,32448,1573.6,99.87,215525.62,4.15,98.7,1772
2015,476285.33,8,32561.67,1572.7,99.73,215812.23,4.19,99.3,1752
2015,477029.67,9,32675.33,1589.6,99.6,216098.84,4.23,99.7,1713
2015,477774,10,32789,1592.3,99.53,216385.46,4.28,99.5,1684
2015,480291.33,11,32902.67,1599.5,99.47,216942.02,4.32,98.5,1692
2015,482808.67,12,33016.33,1608.9,99.4,217498.58,4.36,97.8,1688
2016,485326,1,33130,1588.8,99.47,218055.14,4.4,98.7,1705
2016,486715.33,2,33243.67,1586.6,99.53,219504.73,4.44,98.7,1693
2016,488104.67,3,33357.33,1602.6,99.6,220954.32,4.48,98.7,1676
2016,489494,4,33471,1607.4,99.57,222403.91,4.53,101.3,1647
2016,490906,5,33584.67,1614.9,99.53,222602.01,4.57,100.3,1640
2016,492318,6,33698.33,1624.9,99.5,222800.11,4.61,99.9,1630
2016,493730,7,33812,1614.3,99.67,222998.21,4.65,100.1,1658
2016,496144.67,8,33925.67,1622.3,99.83,222404.33,4.69,100.1,1606
2016,498559.33,9,34039.33,1640,100,221810.45,4.73,100.1,1612
2016,500974,10,34153,1642.6,100.27,221216.56,4.78,98.8,1600
2016,502992,11,34266.67,1662.6,100.53,220952.22,4.82,101,1594
2016,505010,12,34380.33,1697.2,100.8,220687.88,4.86,102.2,1580
2017,507028,1,34494,1681.1,100.8,220423.53,4.9,101.7,1559
2017,507641.67,2,34607.67,1694.5,100.8,220553.97,4.94,100.8,1541
2017,508255.33,3,34721.33,1726.7,100.8,220684.42,4.98,100.4,1530
2017,508869,4,34835,1720.3,100.77,220814.86,5.03,100.7,1495
2017,510665.33,5,34948.67,1736.7,100.73,220680.31,5.07,101.3,1484
2017,512461.67,6,35062.33,1759.3,100.7,220545.75,5.11,101.7,1455
2017,514258,7,35176,1760,100.87,220411.2,5.15,101.9,1443
2017,515996.67,8,35289.67,1766,101.03,219744.12,5.19,101.8,1425
2017,517735.33,9,35403.33,1786.1,101.2,219077.04,5.23,103.1,1429
2017,519474,10,35517,1789.7,101.27,218409.96,5.28,103.1,1439
2017,520444,11,35630.67,1735.8,101.33,218244.68,5.32,103.2,1470
2017,521414,12,35744.33,1760.3,101.4,218079.4,5.36,102.3,1453
2018,522384,1,35858,1741.6,101.2,217914.11,5.4,103,1423
2018,524082.33,2,35859,1762.9,101,218056.64,5.44,103.1,1425
2018,525780.67,3,35860,1778.9,100.8,218199.16,5.48,102.9,1416
2018,527479,4,35861,1777.1,100.9,218341.69,5.53,102.3,1411
2018,529301,5,35862,1780.9,101,218160.08,5.57,101.9,1360
2018,531123,6,35863,1790.3,101.1,217978.47,5.61,102.8,1361
2018,532945,7,35864,1776.6,101.27,217796.86,5.65,103.1,1363
2018,532946,8,35865,1782.2,101.43,216590.67,5.69,103.2,1381
2018,532947,9,35866,1790.4,101.6,215384.47,5.73,102.6,1380
2018,533858.5,10,35867,1792.5,101.77,214178.28,5.78,102.1,1372
2018,534405.8,11,35868,1795.2,101.93,214179.28,5.82,101.7,1383.1
2018,534953.1,12,35887.78,1808.9,102.1,214180.28,5.86,101.15,1387
