,GDP(t-3),Unemployed(t-3),CPI(t-3), Economically Inactive(t-3),NetInvestment (t-3),RPI(t-3),Manufacturing(t-3),GDP(t-2),Unemployed(t-2),CPI(t-2), Economically Inactive(t-2),NetInvestment (t-2),RPI(t-2),Manufacturing(t-2),GDP(t-1),Unemployed(t-1),CPI(t-1), Economically Inactive(t-1),NetInvestment (t-1),RPI(t-1),Manufacturing(t-1),GDP
0,151034.0,2106.0,50.5,7930.0,8387.0,114.3,97.8,148383.0,2140.0,50.0,7933.0,8693.0,112.3,96.4,148383.0,2179.0,49.7,7949.0,8693.0,111.8,97.4,148383
1,151034.0,2083.0,50.9,7936.0,8387.0,115.0,97.3,151034.0,2106.0,50.5,7930.0,8387.0,114.3,97.8,148383.0,2140.0,50.0,7933.0,8693.0,112.3,96.4,148383
2,151034.0,2071.0,51.0,7934.0,8387.0,115.4,96.1,151034.0,2083.0,50.9,7936.0,8387.0,115.0,97.3,151034.0,2106.0,50.5,7930.0,8387.0,114.3,97.8,148383
3,155249.0,2057.0,51.0,7938.0,10515.0,115.5,96.6,151034.0,2071.0,51.0,7934.0,8387.0,115.4,96.1,151034.0,2083.0,50.9,7936.0,8387.0,115.0,97.3,151034
4,155249.0,2045.0,51.1,7930.0,10515.0,115.8,97.5,155249.0,2057.0,51.0,7938.0,10515.0,115.5,96.6,151034.0,2071.0,51.0,7934.0,8387.0,115.4,96.1,151034
5,155249.0,2034.0,51.5,7920.0,10515.0,116.6,97.4,155249.0,2045.0,51.1,7930.0,10515.0,115.8,97.5,155249.0,2057.0,51.0,7938.0,10515.0,115.5,96.6,151034
6,158715.0,2027.0,51.9,7901.0,7282.0,117.5,96.9,155249.0,2034.0,51.5,7920.0,10515.0,116.6,97.4,155249.0,2045.0,51.1,7930.0,10515.0,115.8,97.5,155249
7,158715.0,2021.0,52.1,7887.0,7282.0,118.5,97.4,158715.0,2027.0,51.9,7901.0,7282.0,117.5,96.9,155249.0,2034.0,51.5,7920.0,10515.0,116.6,97.4,155249
8,158715.0,2012.0,52.2,7891.0,7282.0,118.8,97.5,158715.0,2021.0,52.1,7887.0,7282.0,118.5,97.4,158715.0,2027.0,51.9,7901.0,7282.0,117.5,96.9,155249
9,161828.0,2006.0,52.4,7890.0,6041.0,119.5,97.2,158715.0,2012.0,52.2,7891.0,7282.0,118.8,97.5,158715.0,2021.0,52.1,7887.0,7282.0,118.5,97.4,158715
10,161828.0,2004.0,52.9,7897.0,6041.0,120.2,96.9,161828.0,2006.0,52.4,7890.0,6041.0,119.5,97.2,158715.0,2012.0,52.2,7891.0,7282.0,118.8,97.5,158715
11,161828.0,2004.0,53.1,7892.0,6041.0,121.4,98.3,161828.0,2004.0,52.9,7897.0,6041.0,120.2,96.9,161828.0,2006.0,52.4,7890.0,6041.0,119.5,97.2,158715
12,166291.0,2004.0,54.4,7883.0,8485.0,125.1,98.0,161828.0,2004.0,53.1,7892.0,6041.0,121.4,98.3,161828.0,2004.0,52.9,7897.0,6041.0,120.2,96.9,161828
13,166291.0,2002.0,55.0,7877.0,8485.0,126.2,98.2,166291.0,2004.0,54.4,7883.0,8485.0,125.1,98.0,161828.0,2004.0,53.1,7892.0,6041.0,121.4,98.3,161828
14,166291.0,2009.0,55.2,7875.0,8485.0,126.7,97.9,166291.0,2002.0,55.0,7877.0,8485.0,126.2,98.2,166291.0,2004.0,54.4,7883.0,8485.0,125.1,98.0,161828
15,169415.0,2024.0,55.2,7874.0,5376.0,126.8,97.0,166291.0,2009.0,55.2,7875.0,8485.0,126.7,97.9,166291.0,2002.0,55.0,7877.0,8485.0,126.2,98.2,166291
16,169415.0,2049.0,55.7,7889.0,5376.0,128.1,97.4,169415.0,2024.0,55.2,7874.0,5376.0,126.8,97.0,166291.0,2009.0,55.2,7875.0,8485.0,126.7,97.9,166291
17,169415.0,2079.0,56.2,7906.0,5376.0,129.3,96.4,169415.0,2049.0,55.7,7889.0,5376.0,128.1,97.4,169415.0,2024.0,55.2,7874.0,5376.0,126.8,97.0,166291
18,169901.0,2115.0,56.7,7919.0,9649.0,130.3,96.3,169415.0,2079.0,56.2,7906.0,5376.0,129.3,96.4,169415.0,2049.0,55.7,7889.0,5376.0,128.1,97.4,169415
19,169901.0,2158.0,56.9,7934.0,9649.0,130.0,95.6,169901.0,2115.0,56.7,7919.0,9649.0,130.3,96.3,169415.0,2079.0,56.2,7906.0,5376.0,129.3,96.4,169415
20,169901.0,2196.0,57.0,7965.0,9649.0,129.9,95.1,169901.0,2158.0,56.9,7934.0,9649.0,130.0,95.6,169901.0,2115.0,56.7,7919.0,9649.0,130.3,96.3,169415
21,172952.0,2244.0,57.0,7984.0,7590.0,130.2,95.2,169901.0,2196.0,57.0,7965.0,9649.0,129.9,95.1,169901.0,2158.0,56.9,7934.0,9649.0,130.0,95.6,169901
22,172952.0,2306.0,57.2,8005.0,7590.0,130.9,93.3,172952.0,2244.0,57.0,7984.0,7590.0,130.2,95.2,169901.0,2196.0,57.0,7965.0,9649.0,129.9,95.1,169901
23,172952.0,2378.0,57.5,8017.0,7590.0,131.4,92.9,172952.0,2306.0,57.2,8005.0,7590.0,130.9,93.3,172952.0,2244.0,57.0,7984.0,7590.0,130.2,95.2,169901
24,175015.0,2442.0,58.7,8036.0,9087.0,133.1,92.0,172952.0,2378.0,57.5,8017.0,7590.0,131.4,92.9,172952.0,2306.0,57.2,8005.0,7590.0,130.9,93.3,172952
25,175015.0,2492.0,59.2,8083.0,9087.0,133.5,92.7,175015.0,2442.0,58.7,8036.0,9087.0,133.1,92.0,172952.0,2378.0,57.5,8017.0,7590.0,131.4,92.9,172952
26,175015.0,2540.0,59.5,8118.0,9087.0,134.1,91.5,175015.0,2492.0,59.2,8083.0,9087.0,133.5,92.7,175015.0,2442.0,58.7,8036.0,9087.0,133.1,92.0,172952
27,176604.0,2585.0,59.3,8149.0,8313.0,133.8,91.5,175015.0,2540.0,59.5,8118.0,9087.0,134.1,91.5,175015.0,2492.0,59.2,8083.0,9087.0,133.5,92.7,175015
28,176604.0,2624.0,59.9,8186.0,8313.0,134.1,90.8,176604.0,2585.0,59.3,8149.0,8313.0,133.8,91.5,175015.0,2540.0,59.5,8118.0,9087.0,134.1,91.5,175015
29,176604.0,2652.0,60.1,8229.0,8313.0,134.6,91.0,176604.0,2624.0,59.9,8186.0,8313.0,134.1,90.8,176604.0,2585.0,59.3,8149.0,8313.0,133.8,91.5,175015
30,179157.0,2675.0,60.4,8278.0,9949.0,135.1,91.5,176604.0,2652.0,60.1,8229.0,8313.0,134.6,91.0,176604.0,2624.0,59.9,8186.0,8313.0,134.1,90.8,176604
31,179157.0,2697.0,60.5,8317.0,9949.0,135.6,91.9,179157.0,2675.0,60.4,8278.0,9949.0,135.1,91.5,176604.0,2652.0,60.1,8229.0,8313.0,134.6,91.0,176604
32,179157.0,2714.0,60.7,8356.0,9949.0,135.7,91.6,179157.0,2697.0,60.5,8317.0,9949.0,135.6,91.9,179157.0,2675.0,60.4,8278.0,9949.0,135.1,91.5,176604
33,180716.0,2735.0,60.5,8378.0,8137.0,135.6,91.6,179157.0,2714.0,60.7,8356.0,9949.0,135.7,91.6,179157.0,2697.0,60.5,8317.0,9949.0,135.6,91.9,179157
34,180716.0,2762.0,60.8,8383.0,8137.0,136.3,92.1,180716.0,2735.0,60.5,8378.0,8137.0,135.6,91.6,179157.0,2714.0,60.7,8356.0,9949.0,135.7,91.6,179157
35,180716.0,2782.0,61.1,8398.0,8137.0,136.7,92.2,180716.0,2762.0,60.8,8383.0,8137.0,136.3,92.1,180716.0,2735.0,60.5,8378.0,8137.0,135.6,91.6,179157
36,181104.0,2796.0,61.8,8428.0,8453.0,138.8,92.4,180716.0,2782.0,61.1,8398.0,8137.0,136.7,92.2,180716.0,2762.0,60.8,8383.0,8137.0,136.3,92.1,180716
37,181104.0,2777.0,62.2,8481.0,8453.0,139.3,90.8,181104.0,2796.0,61.8,8428.0,8453.0,138.8,92.4,180716.0,2782.0,61.1,8398.0,8137.0,136.7,92.2,180716
38,181104.0,2803.0,62.2,8507.0,8453.0,139.3,92.8,181104.0,2777.0,62.2,8481.0,8453.0,139.3,90.8,181104.0,2796.0,61.8,8428.0,8453.0,138.8,92.4,180716
39,181578.0,2816.0,62.0,8501.0,9108.0,138.8,92.8,181104.0,2803.0,62.2,8507.0,8453.0,139.3,92.8,181104.0,2777.0,62.2,8481.0,8453.0,139.3,90.8,181104
40,181578.0,2815.0,62.1,8512.0,9108.0,138.9,92.1,181578.0,2816.0,62.0,8501.0,9108.0,138.8,92.8,181104.0,2803.0,62.2,8507.0,8453.0,139.3,92.8,181104
41,181578.0,2850.0,62.3,8526.0,9108.0,139.4,92.1,181578.0,2815.0,62.1,8512.0,9108.0,138.9,92.1,181578.0,2816.0,62.0,8501.0,9108.0,138.8,92.8,181104
42,184567.0,2899.0,62.5,8511.0,9055.0,139.9,92.7,181578.0,2850.0,62.3,8526.0,9108.0,139.4,92.1,181578.0,2815.0,62.1,8512.0,9108.0,138.9,92.1,181578
43,184567.0,2932.0,62.5,8536.0,9055.0,139.7,91.8,184567.0,2899.0,62.5,8511.0,9055.0,139.9,92.7,181578.0,2850.0,62.3,8526.0,9108.0,139.4,92.1,181578
44,184567.0,2983.0,62.6,8519.0,9055.0,139.2,91.8,184567.0,2932.0,62.5,8536.0,9055.0,139.7,91.8,184567.0,2899.0,62.5,8511.0,9055.0,139.9,92.7,181578
45,188951.0,3023.0,62.4,8507.0,11875.0,137.9,92.8,184567.0,2983.0,62.6,8519.0,9055.0,139.2,91.8,184567.0,2932.0,62.5,8536.0,9055.0,139.7,91.8,184567
46,188951.0,3004.0,62.7,8519.0,11875.0,138.8,94.0,188951.0,3023.0,62.4,8507.0,11875.0,137.9,92.8,184567.0,2983.0,62.6,8519.0,9055.0,139.2,91.8,184567
47,188951.0,2988.0,63.0,8557.0,11875.0,139.3,93.6,188951.0,3004.0,62.7,8519.0,11875.0,138.8,94.0,188951.0,3023.0,62.4,8507.0,11875.0,137.9,92.8,184567
48,189422.0,2952.0,63.4,8557.0,11063.0,140.6,93.7,188951.0,2988.0,63.0,8557.0,11875.0,139.3,93.6,188951.0,3004.0,62.7,8519.0,11875.0,138.8,94.0,188951
49,189422.0,2931.0,63.6,8565.0,11063.0,141.1,93.8,189422.0,2952.0,63.4,8557.0,11063.0,140.6,93.7,188951.0,2988.0,63.0,8557.0,11875.0,139.3,93.6,188951
50,189422.0,2927.0,63.6,8565.0,11063.0,141.0,92.4,189422.0,2931.0,63.6,8565.0,11063.0,141.1,93.8,189422.0,2952.0,63.4,8557.0,11063.0,140.6,93.7,188951
51,192843.0,2906.0,63.4,8606.0,12153.0,140.7,93.3,189422.0,2927.0,63.6,8565.0,11063.0,141.0,92.4,189422.0,2931.0,63.6,8565.0,11063.0,141.1,93.8,189422
52,192843.0,2890.0,63.7,8583.0,12153.0,141.3,93.0,192843.0,2906.0,63.4,8606.0,12153.0,140.7,93.3,189422.0,2927.0,63.6,8565.0,11063.0,141.0,92.4,189422
53,192843.0,2892.0,64.0,8586.0,12153.0,141.9,93.5,192843.0,2890.0,63.7,8583.0,12153.0,141.3,93.0,192843.0,2906.0,63.4,8606.0,12153.0,140.7,93.3,189422
54,195192.0,2885.0,64.0,8589.0,12854.0,141.8,92.8,192843.0,2892.0,64.0,8586.0,12153.0,141.9,93.5,192843.0,2890.0,63.7,8583.0,12153.0,141.3,93.0,192843
55,195192.0,2892.0,63.8,8585.0,12854.0,141.6,93.6,195192.0,2885.0,64.0,8589.0,12854.0,141.8,92.8,192843.0,2892.0,64.0,8586.0,12153.0,141.9,93.5,192843
56,195192.0,2892.0,64.0,8585.0,12854.0,141.9,94.6,195192.0,2892.0,63.8,8585.0,12854.0,141.6,93.6,195192.0,2885.0,64.0,8589.0,12854.0,141.8,92.8,192843
57,198121.0,2845.0,64.0,8587.0,17284.0,141.3,95.4,195192.0,2892.0,64.0,8585.0,12854.0,141.9,94.6,195192.0,2892.0,63.8,8585.0,12854.0,141.6,93.6,195192
58,198121.0,2806.0,64.2,8580.0,17284.0,142.1,95.4,198121.0,2845.0,64.0,8587.0,17284.0,141.3,95.4,195192.0,2892.0,64.0,8585.0,12854.0,141.9,94.6,195192
59,198121.0,2769.0,64.4,8586.0,17284.0,142.5,96.0,198121.0,2806.0,64.2,8580.0,17284.0,142.1,95.4,198121.0,2845.0,64.0,8587.0,17284.0,141.3,95.4,195192
60,199863.0,2750.0,64.9,8607.0,11361.0,144.2,96.8,198121.0,2769.0,64.4,8586.0,17284.0,142.5,96.0,198121.0,2806.0,64.2,8580.0,17284.0,142.1,95.4,198121
61,199863.0,2736.0,65.1,8626.0,11361.0,144.7,98.1,199863.0,2750.0,64.9,8607.0,11361.0,144.2,96.8,198121.0,2769.0,64.4,8586.0,17284.0,142.5,96.0,198121
62,199863.0,2705.0,65.1,8600.0,11361.0,144.7,97.1,199863.0,2736.0,65.1,8626.0,11361.0,144.7,98.1,199863.0,2750.0,64.9,8607.0,11361.0,144.2,96.8,198121
63,202107.0,2691.0,64.7,8622.0,14042.0,144.0,98.0,199863.0,2705.0,65.1,8600.0,11361.0,144.7,97.1,199863.0,2736.0,65.1,8626.0,11361.0,144.7,98.1,199863
64,202107.0,2639.0,65.1,8643.0,14042.0,144.7,98.2,202107.0,2691.0,64.7,8622.0,14042.0,144.0,98.0,199863.0,2705.0,65.1,8600.0,11361.0,144.7,97.1,199863
65,202107.0,2608.0,65.2,8682.0,14042.0,145.0,98.9,202107.0,2639.0,65.1,8643.0,14042.0,144.7,98.2,202107.0,2691.0,64.7,8622.0,14042.0,144.0,98.0,199863
66,206329.0,2556.0,65.1,8721.0,8316.0,145.2,99.4,202107.0,2608.0,65.2,8682.0,14042.0,145.0,98.9,202107.0,2639.0,65.1,8643.0,14042.0,144.7,98.2,202107
67,206329.0,2521.0,65.2,8761.0,8316.0,145.3,99.9,206329.0,2556.0,65.1,8721.0,8316.0,145.2,99.4,202107.0,2608.0,65.2,8682.0,14042.0,145.0,98.9,202107
68,206329.0,2497.0,65.5,8805.0,8316.0,146.0,100.5,206329.0,2521.0,65.2,8761.0,8316.0,145.3,99.9,206329.0,2556.0,65.1,8721.0,8316.0,145.2,99.4,202107
69,207126.0,2496.0,65.5,8767.0,7853.0,146.0,98.2,206329.0,2497.0,65.5,8805.0,8316.0,146.0,100.5,206329.0,2521.0,65.2,8761.0,8316.0,145.3,99.9,206329
70,207126.0,2497.0,65.7,8736.0,7853.0,146.9,98.8,207126.0,2496.0,65.5,8767.0,7853.0,146.0,98.2,206329.0,2497.0,65.5,8805.0,8316.0,146.0,100.5,206329
71,207126.0,2490.0,66.0,8719.0,7853.0,147.5,98.1,207126.0,2497.0,65.7,8736.0,7853.0,146.9,98.8,207126.0,2496.0,65.5,8767.0,7853.0,146.0,98.2,206329
72,209691.0,2473.0,66.4,8709.0,8817.0,149.0,99.2,207126.0,2490.0,66.0,8719.0,7853.0,147.5,98.1,207126.0,2497.0,65.7,8736.0,7853.0,146.9,98.8,207126
73,209691.0,2445.0,66.7,8717.0,8817.0,149.6,99.3,209691.0,2473.0,66.4,8709.0,8817.0,149.0,99.2,207126.0,2490.0,66.0,8719.0,7853.0,147.5,98.1,207126
74,209691.0,2448.0,66.8,8691.0,8817.0,149.8,99.5,209691.0,2445.0,66.7,8717.0,8817.0,149.6,99.3,209691.0,2473.0,66.4,8709.0,8817.0,149.0,99.2,207126
75,213540.0,2439.0,66.6,8657.0,13748.0,149.1,99.6,209691.0,2448.0,66.8,8691.0,8817.0,149.8,99.5,209691.0,2445.0,66.7,8717.0,8817.0,149.6,99.3,209691
76,213540.0,2447.0,66.9,8647.0,13748.0,149.9,99.8,213540.0,2439.0,66.6,8657.0,13748.0,149.1,99.6,209691.0,2448.0,66.8,8691.0,8817.0,149.8,99.5,209691
77,213540.0,2438.0,67.2,8647.0,13748.0,150.6,99.5,213540.0,2447.0,66.9,8647.0,13748.0,149.9,99.8,213540.0,2439.0,66.6,8657.0,13748.0,149.1,99.6,209691
78,216179.0,2421.0,67.1,8657.0,11970.0,149.8,100.0,213540.0,2438.0,67.2,8647.0,13748.0,150.6,99.5,213540.0,2447.0,66.9,8647.0,13748.0,149.9,99.8,213540
79,216179.0,2353.0,67.1,8643.0,11970.0,149.8,99.9,216179.0,2421.0,67.1,8657.0,11970.0,149.8,100.0,213540.0,2438.0,67.2,8647.0,13748.0,150.6,99.5,213540
80,216179.0,2377.0,67.5,8619.0,11970.0,150.7,99.6,216179.0,2353.0,67.1,8643.0,11970.0,149.8,99.9,216179.0,2421.0,67.1,8657.0,11970.0,149.8,100.0,213540
81,220343.0,2357.0,67.4,8647.0,13035.0,150.2,100.0,216179.0,2377.0,67.5,8619.0,11970.0,150.7,99.6,216179.0,2353.0,67.1,8643.0,11970.0,149.8,99.9,216179
82,220343.0,2330.0,67.7,8688.0,13035.0,150.9,100.0,220343.0,2357.0,67.4,8647.0,13035.0,150.2,100.0,216179.0,2377.0,67.5,8619.0,11970.0,150.7,99.6,216179
83,220343.0,2350.0,67.9,8675.0,13035.0,151.5,100.2,220343.0,2330.0,67.7,8688.0,13035.0,150.9,100.0,220343.0,2357.0,67.4,8647.0,13035.0,150.2,100.0,216179
84,224990.0,2347.0,68.3,8663.0,13573.0,152.6,99.3,220343.0,2350.0,67.9,8675.0,13035.0,151.5,100.2,220343.0,2330.0,67.7,8688.0,13035.0,150.9,100.0,220343
85,224990.0,2340.0,68.6,8672.0,13573.0,152.9,99.1,224990.0,2347.0,68.3,8663.0,13573.0,152.6,99.3,220343.0,2350.0,67.9,8675.0,13035.0,151.5,100.2,220343
86,224990.0,2314.0,68.7,8713.0,13573.0,153.0,99.5,224990.0,2340.0,68.6,8672.0,13573.0,152.9,99.1,224990.0,2347.0,68.3,8663.0,13573.0,152.6,99.3,220343
87,227942.0,2285.0,68.3,8707.0,20664.0,152.4,99.2,224990.0,2314.0,68.7,8713.0,13573.0,153.0,99.5,224990.0,2340.0,68.6,8672.0,13573.0,152.9,99.1,224990
88,227942.0,2285.0,68.7,8714.0,20664.0,153.1,100.0,227942.0,2285.0,68.3,8707.0,20664.0,152.4,99.2,224990.0,2314.0,68.7,8713.0,13573.0,153.0,99.5,224990
89,227942.0,2287.0,69.0,8668.0,20664.0,153.8,100.5,227942.0,2285.0,68.7,8714.0,20664.0,153.1,100.0,227942.0,2285.0,68.3,8707.0,20664.0,152.4,99.2,224990
90,230157.0,2262.0,69.1,8641.0,13957.0,153.8,100.7,227942.0,2287.0,69.0,8668.0,20664.0,153.8,100.5,227942.0,2285.0,68.7,8714.0,20664.0,153.1,100.0,227942
91,230157.0,2229.0,69.2,8660.0,13957.0,153.9,101.0,230157.0,2262.0,69.1,8641.0,13957.0,153.8,100.7,227942.0,2287.0,69.0,8668.0,20664.0,153.8,100.5,227942
92,230157.0,2181.0,69.4,8662.0,13957.0,154.4,101.3,230157.0,2229.0,69.2,8660.0,13957.0,153.9,101.0,230157.0,2262.0,69.1,8641.0,13957.0,153.8,100.7,227942
93,232522.0,2131.0,69.2,8659.0,9680.0,154.4,101.6,230157.0,2181.0,69.4,8662.0,13957.0,154.4,101.3,230157.0,2229.0,69.2,8660.0,13957.0,153.9,101.0,230157
94,232522.0,2085.0,69.3,8660.0,9680.0,155.0,102.4,232522.0,2131.0,69.2,8659.0,9680.0,154.4,101.6,230157.0,2181.0,69.4,8662.0,13957.0,154.4,101.3,230157
95,232522.0,2052.0,69.4,8655.0,9680.0,155.4,101.5,232522.0,2085.0,69.3,8660.0,9680.0,155.0,102.4,232522.0,2131.0,69.2,8659.0,9680.0,154.4,101.6,230157
96,235047.0,2047.0,69.7,8654.0,22923.0,156.3,101.9,232522.0,2052.0,69.4,8655.0,9680.0,155.4,101.5,232522.0,2085.0,69.3,8660.0,9680.0,155.0,102.4,232522
97,235047.0,2051.0,70.0,8602.0,22923.0,156.9,101.1,235047.0,2047.0,69.7,8654.0,22923.0,156.3,101.9,232522.0,2052.0,69.4,8655.0,9680.0,155.4,101.5,232522
98,235047.0,2083.0,70.1,8610.0,22923.0,157.5,101.3,235047.0,2051.0,70.0,8602.0,22923.0,156.9,101.1,235047.0,2047.0,69.7,8654.0,22923.0,156.3,101.9,232522
99,241681.0,2022.0,70.0,8670.0,13762.0,157.5,102.7,235047.0,2083.0,70.1,8610.0,22923.0,157.5,101.3,235047.0,2051.0,70.0,8602.0,22923.0,156.9,101.1,235047
100,241681.0,1951.0,70.3,8691.0,13762.0,158.5,100.7,241681.0,2022.0,70.0,8670.0,13762.0,157.5,102.7,235047.0,2083.0,70.1,8610.0,22923.0,157.5,101.3,235047
101,241681.0,1909.0,70.5,8711.0,13762.0,159.3,101.5,241681.0,1951.0,70.3,8691.0,13762.0,158.5,100.7,241681.0,2022.0,70.0,8670.0,13762.0,157.5,102.7,235047
102,239703.0,1887.0,70.6,8726.0,13921.0,159.5,102.1,241681.0,1909.0,70.5,8711.0,13762.0,159.3,101.5,241681.0,1951.0,70.3,8691.0,13762.0,158.5,100.7,241681
103,239703.0,1864.0,70.6,8741.0,13921.0,159.6,102.8,239703.0,1887.0,70.6,8726.0,13921.0,159.5,102.1,241681.0,1909.0,70.5,8711.0,13762.0,159.3,101.5,241681
104,239703.0,1821.0,70.7,8798.0,13921.0,160.0,102.2,239703.0,1864.0,70.6,8741.0,13921.0,159.6,102.8,239703.0,1887.0,70.6,8726.0,13921.0,159.5,102.1,241681
105,243101.0,1816.0,70.4,8781.0,20814.0,159.5,102.1,239703.0,1821.0,70.7,8798.0,13921.0,160.0,102.2,239703.0,1864.0,70.6,8741.0,13921.0,159.6,102.8,239703
106,243101.0,1813.0,70.6,8776.0,20814.0,160.3,103.1,243101.0,1816.0,70.4,8781.0,20814.0,159.5,102.1,239703.0,1821.0,70.7,8798.0,13921.0,160.0,102.2,239703
107,243101.0,1799.0,70.8,8782.0,20814.0,160.8,103.4,243101.0,1813.0,70.6,8776.0,20814.0,160.3,103.1,243101.0,1816.0,70.4,8781.0,20814.0,159.5,102.1,239703
108,245460.0,1787.0,71.2,8804.0,17059.0,162.6,102.9,243101.0,1799.0,70.8,8782.0,20814.0,160.8,103.4,243101.0,1813.0,70.6,8776.0,20814.0,160.3,103.1,243101
109,245460.0,1791.0,71.5,8810.0,17059.0,163.5,102.3,245460.0,1787.0,71.2,8804.0,17059.0,162.6,102.9,243101.0,1799.0,70.8,8782.0,20814.0,160.8,103.4,243101
110,245460.0,1800.0,71.4,8754.0,17059.0,163.4,102.4,245460.0,1791.0,71.5,8810.0,17059.0,163.5,102.3,245460.0,1787.0,71.2,8804.0,17059.0,162.6,102.9,243101
111,247837.0,1807.0,71.2,8699.0,5024.0,163.0,102.8,245460.0,1800.0,71.4,8754.0,17059.0,163.4,102.4,245460.0,1791.0,71.5,8810.0,17059.0,163.5,102.3,245460
112,247837.0,1786.0,71.4,8721.0,5024.0,163.7,101.6,247837.0,1807.0,71.2,8699.0,5024.0,163.0,102.8,245460.0,1800.0,71.4,8754.0,17059.0,163.4,102.4,245460
113,247837.0,1782.0,71.7,8698.0,5024.0,164.4,101.6,247837.0,1786.0,71.4,8721.0,5024.0,163.7,101.6,247837.0,1807.0,71.2,8699.0,5024.0,163.0,102.8,245460
114,254840.0,1768.0,71.7,8669.0,13437.0,164.5,101.6,247837.0,1782.0,71.7,8698.0,5024.0,164.4,101.6,247837.0,1786.0,71.4,8721.0,5024.0,163.7,101.6,247837
115,254840.0,1764.0,71.8,8673.0,13437.0,164.4,101.1,254840.0,1768.0,71.7,8669.0,13437.0,164.5,101.6,247837.0,1782.0,71.7,8698.0,5024.0,164.4,101.6,247837
116,254840.0,1790.0,72.0,8624.0,13437.0,164.4,101.5,254840.0,1764.0,71.8,8673.0,13437.0,164.4,101.1,254840.0,1768.0,71.7,8669.0,13437.0,164.5,101.6,247837
117,256367.0,1794.0,71.8,8623.0,17384.0,163.4,101.2,254840.0,1790.0,72.0,8624.0,13437.0,164.4,101.5,254840.0,1764.0,71.8,8673.0,13437.0,164.4,101.1,254840
118,256367.0,1780.0,71.9,8645.0,17384.0,163.7,100.8,256367.0,1794.0,71.8,8623.0,17384.0,163.4,101.2,254840.0,1790.0,72.0,8624.0,13437.0,164.4,101.5,254840
119,256367.0,1773.0,72.3,8666.0,17384.0,164.1,101.9,256367.0,1780.0,71.9,8645.0,17384.0,163.7,100.8,256367.0,1794.0,71.8,8623.0,17384.0,163.4,101.2,254840
120,254699.0,1760.0,72.6,8691.0,16992.0,165.2,100.7,256367.0,1773.0,72.3,8666.0,17384.0,164.1,101.9,256367.0,1780.0,71.9,8645.0,17384.0,163.7,100.8,256367
121,254699.0,1743.0,72.8,8684.0,16992.0,165.6,101.7,254699.0,1760.0,72.6,8691.0,16992.0,165.2,100.7,256367.0,1773.0,72.3,8666.0,17384.0,164.1,101.9,256367
122,254699.0,1723.0,72.7,8695.0,16992.0,165.6,102.4,254699.0,1743.0,72.8,8684.0,16992.0,165.6,101.7,254699.0,1760.0,72.6,8691.0,16992.0,165.2,100.7,256367
123,257982.0,1705.0,72.4,8682.0,16079.0,165.1,102.4,254699.0,1723.0,72.7,8695.0,16992.0,165.6,102.4,254699.0,1743.0,72.8,8684.0,16992.0,165.6,101.7,254699
124,257982.0,1702.0,72.6,8658.0,16079.0,165.5,104.2,257982.0,1705.0,72.4,8682.0,16079.0,165.1,102.4,254699.0,1723.0,72.7,8695.0,16992.0,165.6,102.4,254699
125,257982.0,1687.0,72.8,8691.0,16079.0,166.2,104.9,257982.0,1702.0,72.6,8658.0,16079.0,165.5,104.2,257982.0,1705.0,72.4,8682.0,16079.0,165.1,102.4,254699
126,262110.0,1693.0,72.8,8646.0,16400.0,166.5,104.1,257982.0,1687.0,72.8,8691.0,16079.0,166.2,104.9,257982.0,1702.0,72.6,8658.0,16079.0,165.5,104.2,257982
127,262110.0,1684.0,72.9,8631.0,16400.0,166.7,104.6,262110.0,1693.0,72.8,8646.0,16400.0,166.5,104.1,257982.0,1687.0,72.8,8691.0,16079.0,166.2,104.9,257982
128,262110.0,1702.0,73.1,8645.0,16400.0,167.3,103.9,262110.0,1684.0,72.9,8631.0,16400.0,166.7,104.6,262110.0,1693.0,72.8,8646.0,16400.0,166.5,104.1,257982
129,268202.0,1685.0,72.6,8681.0,10864.0,166.6,103.5,262110.0,1702.0,73.1,8645.0,16400.0,167.3,103.9,262110.0,1684.0,72.9,8631.0,16400.0,166.7,104.6,262110
130,268202.0,1682.0,72.8,8650.0,10864.0,167.5,105.0,268202.0,1685.0,72.6,8681.0,10864.0,166.6,103.5,262110.0,1702.0,73.1,8645.0,16400.0,167.3,103.9,262110
131,268202.0,1655.0,73.0,8652.0,10864.0,168.4,104.9,268202.0,1682.0,72.8,8650.0,10864.0,167.5,105.0,268202.0,1685.0,72.6,8681.0,10864.0,166.6,103.5,262110
132,271872.0,1640.0,73.3,8639.0,22868.0,170.1,104.5,268202.0,1655.0,73.0,8652.0,10864.0,168.4,104.9,268202.0,1682.0,72.8,8650.0,10864.0,167.5,105.0,268202
133,271872.0,1599.0,73.5,8670.0,22868.0,170.7,105.0,271872.0,1640.0,73.3,8639.0,22868.0,170.1,104.5,268202.0,1655.0,73.0,8652.0,10864.0,168.4,104.9,268202
134,271872.0,1551.0,73.6,8680.0,22868.0,171.1,105.3,271872.0,1599.0,73.5,8670.0,22868.0,170.7,105.0,271872.0,1640.0,73.3,8639.0,22868.0,170.1,104.5,268202
135,274115.0,1529.0,73.3,8679.0,20746.0,170.5,104.1,271872.0,1551.0,73.6,8680.0,22868.0,171.1,105.3,271872.0,1599.0,73.5,8670.0,22868.0,170.7,105.0,271872
136,274115.0,1548.0,73.3,8679.0,20746.0,170.5,105.7,274115.0,1529.0,73.3,8679.0,20746.0,170.5,104.1,271872.0,1551.0,73.6,8680.0,22868.0,171.1,105.3,271872
137,274115.0,1571.0,73.8,8708.0,20746.0,171.7,104.6,274115.0,1548.0,73.3,8679.0,20746.0,170.5,105.7,274115.0,1529.0,73.3,8679.0,20746.0,170.5,104.1,271872
138,275152.0,1540.0,73.8,8777.0,15738.0,171.6,105.2,274115.0,1571.0,73.8,8708.0,20746.0,171.7,104.6,274115.0,1548.0,73.3,8679.0,20746.0,170.5,105.7,274115
139,275152.0,1520.0,74.0,8776.0,15738.0,172.1,106.2,275152.0,1540.0,73.8,8777.0,15738.0,171.6,105.2,274115.0,1571.0,73.8,8708.0,20746.0,171.7,104.6,274115
140,275152.0,1504.0,74.0,8715.0,15738.0,172.2,106.0,275152.0,1520.0,74.0,8776.0,15738.0,172.1,106.2,275152.0,1540.0,73.8,8777.0,15738.0,171.6,105.2,274115
141,277539.0,1516.0,73.5,8740.0,27832.0,171.1,105.6,275152.0,1504.0,74.0,8715.0,15738.0,172.2,106.0,275152.0,1520.0,74.0,8776.0,15738.0,172.1,106.2,275152
142,277539.0,1481.0,73.7,8779.0,27832.0,172.0,105.1,277539.0,1516.0,73.5,8740.0,27832.0,171.1,105.6,275152.0,1504.0,74.0,8715.0,15738.0,172.2,106.0,275152
143,277539.0,1459.0,73.9,8784.0,27832.0,172.2,105.0,277539.0,1481.0,73.7,8779.0,27832.0,172.0,105.1,277539.0,1516.0,73.5,8740.0,27832.0,171.1,105.6,275152
144,282538.0,1431.0,74.4,8804.0,19371.0,173.1,102.9,277539.0,1459.0,73.9,8784.0,27832.0,172.2,105.0,277539.0,1481.0,73.7,8779.0,27832.0,172.0,105.1,277539
145,282538.0,1468.0,74.9,8794.0,19371.0,174.2,103.2,282538.0,1431.0,74.4,8804.0,19371.0,173.1,102.9,277539.0,1459.0,73.9,8784.0,27832.0,172.2,105.0,277539
146,282538.0,1472.0,75.0,8833.0,19371.0,174.4,104.0,282538.0,1468.0,74.9,8794.0,19371.0,174.2,103.2,282538.0,1431.0,74.4,8804.0,19371.0,173.1,102.9,277539
147,283440.0,1483.0,74.5,8820.0,-220.0,173.3,102.5,282538.0,1472.0,75.0,8833.0,19371.0,174.4,104.0,282538.0,1468.0,74.9,8794.0,19371.0,174.2,103.2,282538
148,283440.0,1487.0,74.8,8845.0,-220.0,174.0,105.0,283440.0,1483.0,74.5,8820.0,-220.0,173.3,102.5,282538.0,1472.0,75.0,8833.0,19371.0,174.4,104.0,282538
149,283440.0,1487.0,75.0,8848.0,-220.0,174.6,102.7,283440.0,1487.0,74.8,8845.0,-220.0,174.0,105.0,283440.0,1483.0,74.5,8820.0,-220.0,173.3,102.5,282538
150,285926.0,1495.0,74.9,8819.0,5585.0,174.3,102.4,283440.0,1487.0,75.0,8848.0,-220.0,174.6,102.7,283440.0,1487.0,74.8,8845.0,-220.0,174.0,105.0,283440
151,285926.0,1520.0,74.9,8811.0,5585.0,173.6,101.3,285926.0,1495.0,74.9,8819.0,5585.0,174.3,102.4,283440.0,1487.0,75.0,8848.0,-220.0,174.6,102.7,283440
152,285926.0,1518.0,75.0,8863.0,5585.0,173.4,101.3,285926.0,1520.0,74.9,8811.0,5585.0,173.6,101.3,285926.0,1495.0,74.9,8819.0,5585.0,174.3,102.4,283440
153,289508.0,1508.0,74.8,8880.0,6604.0,173.3,101.1,285926.0,1518.0,75.0,8863.0,5585.0,173.4,101.3,285926.0,1520.0,74.9,8811.0,5585.0,173.6,101.3,285926
154,289508.0,1515.0,75.0,8883.0,6604.0,173.8,102.2,289508.0,1508.0,74.8,8880.0,6604.0,173.3,101.1,285926.0,1518.0,75.0,8863.0,5585.0,173.4,101.3,285926
155,289508.0,1522.0,75.2,8839.0,6604.0,174.5,102.8,289508.0,1515.0,75.0,8883.0,6604.0,173.8,102.2,289508.0,1508.0,74.8,8880.0,6604.0,173.3,101.1,285926
156,293118.0,1542.0,75.6,8814.0,19267.0,175.7,102.2,289508.0,1522.0,75.2,8839.0,6604.0,174.5,102.8,289508.0,1515.0,75.0,8883.0,6604.0,173.8,102.2,289508
157,293118.0,1520.0,75.8,8812.0,19267.0,176.2,102.9,293118.0,1542.0,75.6,8814.0,19267.0,175.7,102.2,289508.0,1522.0,75.2,8839.0,6604.0,174.5,102.8,289508
158,293118.0,1527.0,75.8,8851.0,19267.0,176.2,97.2,293118.0,1520.0,75.8,8812.0,19267.0,176.2,102.9,293118.0,1542.0,75.6,8814.0,19267.0,175.7,102.2,289508
159,297553.0,1539.0,75.6,8810.0,15054.0,175.9,101.4,293118.0,1527.0,75.8,8851.0,19267.0,176.2,97.2,293118.0,1520.0,75.8,8812.0,19267.0,176.2,102.9,293118
160,297553.0,1566.0,75.8,8825.0,15054.0,176.4,102.4,297553.0,1539.0,75.6,8810.0,15054.0,175.9,101.4,293118.0,1527.0,75.8,8851.0,19267.0,176.2,97.2,293118
161,297553.0,1546.0,76.0,8785.0,15054.0,177.6,101.5,297553.0,1566.0,75.8,8825.0,15054.0,176.4,102.4,297553.0,1539.0,75.6,8810.0,15054.0,175.9,101.4,293118
162,302777.0,1532.0,76.1,8787.0,7826.0,177.9,100.3,297553.0,1546.0,76.0,8785.0,15054.0,177.6,101.5,297553.0,1566.0,75.8,8825.0,15054.0,176.4,102.4,297553
163,302777.0,1516.0,76.1,8774.0,7826.0,178.2,100.6,302777.0,1532.0,76.1,8787.0,7826.0,177.9,100.3,297553.0,1546.0,76.0,8785.0,15054.0,177.6,101.5,297553
164,302777.0,1480.0,76.3,8859.0,7826.0,178.5,99.4,302777.0,1516.0,76.1,8774.0,7826.0,178.2,100.6,302777.0,1532.0,76.1,8787.0,7826.0,177.9,100.3,297553
165,307147.0,1517.0,75.9,8878.0,12812.0,178.4,99.6,302777.0,1480.0,76.3,8859.0,7826.0,178.5,99.4,302777.0,1516.0,76.1,8774.0,7826.0,178.2,100.6,302777
166,307147.0,1531.0,76.1,8851.0,12812.0,179.3,99.9,307147.0,1517.0,75.9,8878.0,12812.0,178.4,99.6,302777.0,1480.0,76.3,8859.0,7826.0,178.5,99.4,302777
167,307147.0,1517.0,76.4,8852.0,12812.0,179.9,100.2,307147.0,1531.0,76.1,8851.0,12812.0,179.3,99.9,307147.0,1517.0,75.9,8878.0,12812.0,178.4,99.6,302777
168,309831.0,1486.0,76.8,8854.0,5307.0,181.2,100.2,307147.0,1517.0,76.4,8852.0,12812.0,179.9,100.2,307147.0,1531.0,76.1,8851.0,12812.0,179.3,99.9,307147
169,309831.0,1467.0,76.8,8857.0,5307.0,181.5,99.8,309831.0,1486.0,76.8,8854.0,5307.0,181.2,100.2,307147.0,1517.0,76.4,8852.0,12812.0,179.9,100.2,307147
170,309831.0,1506.0,76.7,8838.0,5307.0,181.3,100.5,309831.0,1467.0,76.8,8857.0,5307.0,181.5,99.8,309831.0,1486.0,76.8,8854.0,5307.0,181.2,100.2,307147
171,314554.0,1504.0,76.6,8878.0,19225.0,181.3,101.1,309831.0,1506.0,76.7,8838.0,5307.0,181.3,100.5,309831.0,1467.0,76.8,8857.0,5307.0,181.5,99.8,309831
172,314554.0,1502.0,76.8,8878.0,19225.0,181.6,100.8,314554.0,1504.0,76.6,8878.0,19225.0,181.3,101.1,309831.0,1506.0,76.7,8838.0,5307.0,181.3,100.5,309831
173,314554.0,1473.0,77.0,8900.0,19225.0,182.5,100.6,314554.0,1502.0,76.8,8878.0,19225.0,181.6,100.8,314554.0,1504.0,76.6,8878.0,19225.0,181.3,101.1,309831
174,320315.0,1461.0,77.1,8923.0,19618.0,182.6,101.3,314554.0,1473.0,77.0,8900.0,19225.0,182.5,100.6,314554.0,1502.0,76.8,8878.0,19225.0,181.6,100.8,314554
175,320315.0,1457.0,77.1,8951.0,19618.0,182.7,101.6,320315.0,1461.0,77.1,8923.0,19618.0,182.6,101.3,314554.0,1473.0,77.0,8900.0,19225.0,182.5,100.6,314554
176,320315.0,1442.0,77.3,8889.0,19618.0,183.5,102.4,320315.0,1457.0,77.1,8951.0,19618.0,182.7,101.6,320315.0,1461.0,77.1,8923.0,19618.0,182.6,101.3,314554
177,322812.0,1436.0,77.0,8877.0,13199.0,183.1,101.9,320315.0,1442.0,77.3,8889.0,19618.0,183.5,102.4,320315.0,1457.0,77.1,8951.0,19618.0,182.7,101.6,320315
178,322812.0,1434.0,77.2,8890.0,13199.0,183.8,102.1,322812.0,1436.0,77.0,8877.0,13199.0,183.1,101.9,320315.0,1442.0,77.3,8889.0,19618.0,183.5,102.4,320315
179,322812.0,1437.0,77.3,8923.0,13199.0,184.6,104.0,322812.0,1434.0,77.2,8890.0,13199.0,183.8,102.1,322812.0,1436.0,77.0,8877.0,13199.0,183.1,101.9,320315
180,328188.0,1435.0,77.6,8942.0,13606.0,185.7,103.2,322812.0,1437.0,77.3,8923.0,13199.0,184.6,104.0,322812.0,1434.0,77.2,8890.0,13199.0,183.8,102.1,322812
181,328188.0,1437.0,77.9,8966.0,13606.0,186.5,103.1,328188.0,1435.0,77.6,8942.0,13606.0,185.7,103.2,322812.0,1437.0,77.3,8923.0,13199.0,184.6,104.0,322812
182,328188.0,1423.0,77.9,9003.0,13606.0,186.8,102.4,328188.0,1437.0,77.9,8966.0,13606.0,186.5,103.1,328188.0,1435.0,77.6,8942.0,13606.0,185.7,103.2,322812
183,329468.0,1405.0,77.7,9036.0,12062.0,186.8,100.5,328188.0,1423.0,77.9,9003.0,13606.0,186.8,102.4,328188.0,1437.0,77.9,8966.0,13606.0,186.5,103.1,328188
184,329468.0,1401.0,77.9,9029.0,12062.0,187.4,101.1,329468.0,1405.0,77.7,9036.0,12062.0,186.8,100.5,328188.0,1423.0,77.9,9003.0,13606.0,186.8,102.4,328188
185,329468.0,1397.0,77.9,9044.0,12062.0,188.1,102.7,329468.0,1401.0,77.9,9029.0,12062.0,187.4,101.1,329468.0,1405.0,77.7,9036.0,12062.0,186.8,100.5,328188
186,332386.0,1407.0,78.1,8996.0,26224.0,188.6,102.3,329468.0,1397.0,77.9,9044.0,12062.0,188.1,102.7,329468.0,1401.0,77.9,9029.0,12062.0,187.4,101.1,329468
187,332386.0,1423.0,78.3,8974.0,26224.0,189.0,102.9,332386.0,1407.0,78.1,8996.0,26224.0,188.6,102.3,329468.0,1397.0,77.9,9044.0,12062.0,188.1,102.7,329468
188,332386.0,1425.0,78.6,8958.0,26224.0,189.9,103.3,332386.0,1423.0,78.3,8974.0,26224.0,189.0,102.9,332386.0,1407.0,78.1,8996.0,26224.0,188.6,102.3,329468
189,336947.0,1447.0,78.3,8917.0,13406.0,188.9,102.6,332386.0,1425.0,78.6,8958.0,26224.0,189.9,103.3,332386.0,1423.0,78.3,8974.0,26224.0,189.0,102.9,332386
190,336947.0,1416.0,78.5,8993.0,13406.0,189.6,102.8,336947.0,1447.0,78.3,8917.0,13406.0,188.9,102.6,332386.0,1425.0,78.6,8958.0,26224.0,189.9,103.3,332386
191,336947.0,1420.0,78.8,9059.0,13406.0,190.5,100.1,336947.0,1416.0,78.5,8993.0,13406.0,189.6,102.8,336947.0,1447.0,78.3,8917.0,13406.0,188.9,102.6,332386
192,345621.0,1436.0,79.1,9057.0,10401.0,191.6,102.6,336947.0,1420.0,78.8,9059.0,13406.0,190.5,100.1,336947.0,1416.0,78.5,8993.0,13406.0,189.6,102.8,336947
193,345621.0,1437.0,79.4,9068.0,10401.0,192.0,102.8,345621.0,1436.0,79.1,9057.0,10401.0,191.6,102.6,336947.0,1420.0,78.8,9059.0,13406.0,190.5,100.1,336947
194,345621.0,1424.0,79.4,9064.0,10401.0,192.2,103.3,345621.0,1437.0,79.4,9068.0,10401.0,192.0,102.8,345621.0,1436.0,79.1,9057.0,10401.0,191.6,102.6,336947
195,348944.0,1420.0,79.5,9049.0,7694.0,192.2,103.0,345621.0,1424.0,79.4,9064.0,10401.0,192.2,103.3,345621.0,1437.0,79.4,9068.0,10401.0,192.0,102.8,345621
196,348944.0,1437.0,79.7,9042.0,7694.0,192.6,102.8,348944.0,1420.0,79.5,9049.0,7694.0,192.2,103.0,345621.0,1424.0,79.4,9064.0,10401.0,192.2,103.3,345621
197,348944.0,1500.0,79.9,9042.0,7694.0,193.1,101.5,348944.0,1437.0,79.7,9042.0,7694.0,192.6,102.8,348944.0,1420.0,79.5,9049.0,7694.0,192.2,103.0,345621
198,357241.0,1538.0,80.0,9074.0,27768.0,193.3,101.7,348944.0,1500.0,79.9,9042.0,7694.0,193.1,101.5,348944.0,1437.0,79.7,9042.0,7694.0,192.6,102.8,348944
199,357241.0,1567.0,80.0,9084.0,27768.0,193.6,102.7,357241.0,1538.0,80.0,9074.0,27768.0,193.3,101.7,348944.0,1500.0,79.9,9042.0,7694.0,193.1,101.5,348944
200,357241.0,1551.0,80.3,9076.0,27768.0,194.1,103.5,357241.0,1567.0,80.0,9084.0,27768.0,193.6,102.7,357241.0,1538.0,80.0,9074.0,27768.0,193.3,101.7,348944
201,360867.0,1584.0,80.0,9024.0,12722.0,193.4,103.2,357241.0,1551.0,80.3,9076.0,27768.0,194.1,103.5,357241.0,1567.0,80.0,9084.0,27768.0,193.6,102.7,357241
202,360867.0,1604.0,80.2,8981.0,12722.0,194.2,103.3,360867.0,1584.0,80.0,9024.0,12722.0,193.4,103.2,357241.0,1551.0,80.3,9076.0,27768.0,194.1,103.5,357241
203,360867.0,1633.0,80.4,8957.0,12722.0,195.0,103.9,360867.0,1604.0,80.2,8981.0,12722.0,194.2,103.3,360867.0,1584.0,80.0,9024.0,12722.0,193.4,103.2,357241
204,364503.0,1664.0,80.9,8973.0,27651.0,196.5,103.9,360867.0,1633.0,80.4,8957.0,12722.0,195.0,103.9,360867.0,1604.0,80.2,8981.0,12722.0,194.2,103.3,360867
205,364503.0,1685.0,81.3,8950.0,27651.0,197.7,104.5,364503.0,1664.0,80.9,8973.0,27651.0,196.5,103.9,360867.0,1633.0,80.4,8957.0,12722.0,195.0,103.9,360867
206,364503.0,1698.0,81.5,8929.0,27651.0,198.5,104.9,364503.0,1685.0,81.3,8950.0,27651.0,197.7,104.5,364503.0,1664.0,80.9,8973.0,27651.0,196.5,103.9,360867
207,368529.0,1690.0,81.5,8893.0,18601.0,198.5,104.7,364503.0,1698.0,81.5,8929.0,27651.0,198.5,104.9,364503.0,1685.0,81.3,8950.0,27651.0,197.7,104.5,364503
208,368529.0,1693.0,81.8,8980.0,18601.0,199.2,105.3,368529.0,1690.0,81.5,8893.0,18601.0,198.5,104.7,364503.0,1698.0,81.5,8929.0,27651.0,198.5,104.9,364503
209,368529.0,1691.0,81.9,9001.0,18601.0,200.1,105.3,368529.0,1693.0,81.8,8980.0,18601.0,199.2,105.3,368529.0,1690.0,81.5,8893.0,18601.0,198.5,104.7,364503
210,372003.0,1674.0,82.0,9042.0,17977.0,200.4,105.5,368529.0,1691.0,81.9,9001.0,18601.0,200.1,105.3,368529.0,1693.0,81.8,8980.0,18601.0,199.2,105.3,368529
211,372003.0,1701.0,82.2,9037.0,17977.0,201.1,105.9,372003.0,1674.0,82.0,9042.0,17977.0,200.4,105.5,368529.0,1691.0,81.9,9001.0,18601.0,200.1,105.3,368529
212,372003.0,1703.0,82.6,9074.0,17977.0,202.7,105.6,372003.0,1701.0,82.2,9037.0,17977.0,201.1,105.9,372003.0,1674.0,82.0,9042.0,17977.0,200.4,105.5,368529
213,377827.0,1708.0,82.1,9131.0,15388.0,201.6,106.4,372003.0,1703.0,82.6,9074.0,17977.0,202.7,105.6,372003.0,1701.0,82.2,9037.0,17977.0,201.1,105.9,372003
214,377827.0,1704.0,82.4,9145.0,15388.0,203.1,104.6,377827.0,1708.0,82.1,9131.0,15388.0,201.6,106.4,372003.0,1703.0,82.6,9074.0,17977.0,202.7,105.6,372003
215,377827.0,1692.0,82.8,9154.0,15388.0,204.4,104.8,377827.0,1704.0,82.4,9145.0,15388.0,203.1,104.6,377827.0,1708.0,82.1,9131.0,15388.0,201.6,106.4,372003
216,381615.0,1670.0,83.1,9123.0,21130.0,205.4,105.1,377827.0,1692.0,82.8,9154.0,15388.0,204.4,104.8,377827.0,1704.0,82.4,9145.0,15388.0,203.1,104.6,377827
217,381615.0,1658.0,83.3,9162.0,21130.0,206.2,105.8,381615.0,1670.0,83.1,9123.0,21130.0,205.4,105.1,377827.0,1692.0,82.8,9154.0,15388.0,204.4,104.8,377827
218,381615.0,1645.0,83.5,9187.0,21130.0,207.3,105.4,381615.0,1658.0,83.3,9162.0,21130.0,206.2,105.8,381615.0,1670.0,83.1,9123.0,21130.0,205.4,105.1,377827
219,388524.0,1645.0,83.1,9190.0,42595.0,206.1,104.8,381615.0,1645.0,83.5,9187.0,21130.0,207.3,105.4,381615.0,1658.0,83.3,9162.0,21130.0,206.2,105.8,381615
220,388524.0,1650.0,83.4,9175.0,42595.0,207.3,106.1,388524.0,1645.0,83.1,9190.0,42595.0,206.1,104.8,381615.0,1645.0,83.5,9187.0,21130.0,207.3,105.4,381615
221,388524.0,1629.0,83.5,9170.0,42595.0,208.0,104.9,388524.0,1650.0,83.4,9175.0,42595.0,207.3,106.1,388524.0,1645.0,83.1,9190.0,42595.0,206.1,104.8,381615
222,393476.0,1633.0,83.8,9148.0,4418.0,208.9,104.9,388524.0,1629.0,83.5,9170.0,42595.0,208.0,104.9,388524.0,1650.0,83.4,9175.0,42595.0,207.3,106.1,388524
223,393476.0,1608.0,84.1,9145.0,4418.0,209.7,105.7,393476.0,1633.0,83.8,9148.0,4418.0,208.9,104.9,388524.0,1629.0,83.5,9170.0,42595.0,208.0,104.9,388524
224,393476.0,1617.0,84.5,9137.0,4418.0,210.9,105.4,393476.0,1608.0,84.1,9145.0,4418.0,209.7,105.7,393476.0,1633.0,83.8,9148.0,4418.0,208.9,104.9,388524
225,399035.0,1622.0,84.1,9106.0,10639.0,209.8,106.3,393476.0,1617.0,84.5,9137.0,4418.0,210.9,105.4,393476.0,1608.0,84.1,9145.0,4418.0,209.7,105.7,393476
226,399035.0,1622.0,84.6,9130.0,10639.0,211.4,106.4,399035.0,1622.0,84.1,9106.0,10639.0,209.8,106.3,393476.0,1617.0,84.5,9137.0,4418.0,210.9,105.4,393476
227,399035.0,1667.0,84.9,9101.0,10639.0,212.1,104.1,399035.0,1622.0,84.6,9130.0,10639.0,211.4,106.4,399035.0,1622.0,84.1,9106.0,10639.0,209.8,106.3,393476
228,397075.0,1625.0,85.6,9124.0,12193.0,214.0,104.8,399035.0,1667.0,84.9,9101.0,10639.0,212.1,104.1,399035.0,1622.0,84.6,9130.0,10639.0,211.4,106.4,399035
229,397075.0,1680.0,86.1,9126.0,12193.0,215.1,104.1,397075.0,1625.0,85.6,9124.0,12193.0,214.0,104.8,399035.0,1667.0,84.9,9101.0,10639.0,212.1,104.1,399035
230,397075.0,1724.0,86.6,9133.0,12193.0,216.8,102.8,397075.0,1680.0,86.1,9126.0,12193.0,215.1,104.1,397075.0,1625.0,85.6,9124.0,12193.0,214.0,104.8,399035
231,394626.0,1793.0,86.6,9164.0,22692.0,216.5,103.0,397075.0,1724.0,86.6,9133.0,12193.0,216.8,102.8,397075.0,1680.0,86.1,9126.0,12193.0,215.1,104.1,397075
232,394626.0,1840.0,87.1,9171.0,22692.0,217.2,103.1,394626.0,1793.0,86.6,9164.0,22692.0,216.5,103.0,397075.0,1724.0,86.6,9133.0,12193.0,216.8,102.8,397075
233,394626.0,1875.0,87.5,9205.0,22692.0,218.4,101.2,394626.0,1840.0,87.1,9171.0,22692.0,217.2,103.1,394626.0,1793.0,86.6,9164.0,22692.0,216.5,103.0,397075
234,389060.0,1941.0,87.3,9139.0,-19506.0,217.7,100.5,394626.0,1875.0,87.5,9205.0,22692.0,218.4,101.2,394626.0,1840.0,87.1,9171.0,22692.0,217.2,103.1,394626
235,389060.0,2003.0,87.3,9125.0,-19506.0,216.0,97.2,389060.0,1941.0,87.3,9139.0,-19506.0,217.7,100.5,394626.0,1875.0,87.5,9205.0,22692.0,218.4,101.2,394626
236,389060.0,2057.0,87.1,9067.0,-19506.0,212.9,95.3,389060.0,2003.0,87.3,9125.0,-19506.0,216.0,97.2,389060.0,1941.0,87.3,9139.0,-19506.0,217.7,100.5,394626
237,382864.0,2128.0,86.6,9127.0,8003.0,210.1,92.5,389060.0,2057.0,87.1,9067.0,-19506.0,212.9,95.3,389060.0,2003.0,87.3,9125.0,-19506.0,216.0,97.2,389060
238,382864.0,2235.0,87.2,9111.0,8003.0,211.4,92.3,382864.0,2128.0,86.6,9127.0,8003.0,210.1,92.5,389060.0,2057.0,87.1,9067.0,-19506.0,212.9,95.3,389060
239,382864.0,2296.0,87.3,9163.0,8003.0,211.3,92.5,382864.0,2235.0,87.2,9111.0,8003.0,211.4,92.3,382864.0,2128.0,86.6,9127.0,8003.0,210.1,92.5,389060
240,382457.0,2395.0,87.5,9209.0,36936.0,211.5,93.8,382864.0,2296.0,87.3,9163.0,8003.0,211.3,92.5,382864.0,2235.0,87.2,9111.0,8003.0,211.4,92.3,382864
241,382457.0,2448.0,87.9,9247.0,36936.0,212.8,91.9,382457.0,2395.0,87.5,9209.0,36936.0,211.5,93.8,382864.0,2296.0,87.3,9163.0,8003.0,211.3,92.5,382864
242,382457.0,2478.0,88.1,9314.0,36936.0,213.4,92.1,382457.0,2448.0,87.9,9247.0,36936.0,212.8,91.9,382457.0,2395.0,87.5,9209.0,36936.0,211.5,93.8,382864
243,385469.0,2484.0,88.0,9293.0,20494.0,213.4,92.3,382457.0,2478.0,88.1,9314.0,36936.0,213.4,92.1,382457.0,2448.0,87.9,9247.0,36936.0,212.8,91.9,382457
244,385469.0,2475.0,88.3,9330.0,20494.0,214.4,91.7,385469.0,2484.0,88.0,9293.0,20494.0,213.4,92.3,382457.0,2478.0,88.1,9314.0,36936.0,213.4,92.1,382457
245,385469.0,2484.0,88.3,9336.0,20494.0,215.3,92.9,385469.0,2475.0,88.3,9330.0,20494.0,214.4,91.7,385469.0,2484.0,88.0,9293.0,20494.0,213.4,92.3,382457
246,386423.0,2455.0,88.4,9380.0,24585.0,216.0,93.2,385469.0,2484.0,88.3,9336.0,20494.0,215.3,92.9,385469.0,2475.0,88.3,9330.0,20494.0,214.4,91.7,385469
247,386423.0,2453.0,88.6,9395.0,24585.0,216.6,94.3,386423.0,2455.0,88.4,9380.0,24585.0,216.0,93.2,385469.0,2484.0,88.3,9336.0,20494.0,215.3,92.9,385469
248,386423.0,2434.0,88.9,9477.0,24585.0,218.0,93.9,386423.0,2453.0,88.6,9395.0,24585.0,216.6,94.3,386423.0,2455.0,88.4,9380.0,24585.0,216.0,93.2,385469
249,391142.0,2496.0,88.8,9475.0,6595.0,217.9,93.6,386423.0,2434.0,88.9,9477.0,24585.0,218.0,93.9,386423.0,2453.0,88.6,9395.0,24585.0,216.6,94.3,386423
250,391142.0,2526.0,89.0,9487.0,6595.0,219.2,94.7,391142.0,2496.0,88.8,9475.0,6595.0,217.9,93.6,386423.0,2434.0,88.9,9477.0,24585.0,218.0,93.9,386423
251,391142.0,2510.0,89.4,9499.0,6595.0,220.7,96.3,391142.0,2526.0,89.0,9487.0,6595.0,219.2,94.7,391142.0,2496.0,88.8,9475.0,6595.0,217.9,93.6,386423
252,397248.0,2508.0,89.9,9433.0,5626.0,222.8,96.3,391142.0,2510.0,89.4,9499.0,6595.0,220.7,96.3,391142.0,2526.0,89.0,9487.0,6595.0,219.2,94.7,391142
253,397248.0,2488.0,90.1,9446.0,5626.0,223.6,96.3,397248.0,2508.0,89.9,9433.0,5626.0,222.8,96.3,391142.0,2510.0,89.4,9499.0,6595.0,220.7,96.3,391142
254,397248.0,2488.0,90.2,9371.0,5626.0,224.1,97.2,397248.0,2488.0,90.1,9446.0,5626.0,223.6,96.3,397248.0,2508.0,89.9,9433.0,5626.0,222.8,96.3,391142
255,397897.0,2476.0,90.0,9383.0,27225.0,223.6,97.4,397248.0,2488.0,90.2,9371.0,5626.0,224.1,97.2,397248.0,2488.0,90.1,9446.0,5626.0,223.6,96.3,397248
256,397897.0,2470.0,90.4,9368.0,27225.0,224.5,98.1,397897.0,2476.0,90.0,9383.0,27225.0,223.6,97.4,397248.0,2488.0,90.2,9371.0,5626.0,224.1,97.2,397248
257,397897.0,2513.0,90.4,9417.0,27225.0,225.3,98.1,397897.0,2470.0,90.4,9368.0,27225.0,224.5,98.1,397897.0,2476.0,90.0,9383.0,27225.0,223.6,97.4,397248
258,401179.0,2502.0,90.6,9498.0,28092.0,225.8,99.0,397897.0,2513.0,90.4,9417.0,27225.0,225.3,98.1,397897.0,2470.0,90.4,9368.0,27225.0,224.5,98.1,397897
259,401179.0,2503.0,90.9,9483.0,28092.0,226.8,99.4,401179.0,2502.0,90.6,9498.0,28092.0,225.8,99.0,397897.0,2513.0,90.4,9417.0,27225.0,225.3,98.1,397897
260,401179.0,2524.0,91.7,9436.0,28092.0,228.4,98.3,401179.0,2503.0,90.9,9483.0,28092.0,226.8,99.4,401179.0,2502.0,90.6,9498.0,28092.0,225.8,99.0,397897
261,411146.0,2492.0,91.8,9424.0,10971.0,229.0,99.3,401179.0,2524.0,91.7,9436.0,28092.0,228.4,98.3,401179.0,2503.0,90.9,9483.0,28092.0,226.8,99.4,401179
262,411146.0,2483.0,92.3,9455.0,10971.0,231.3,99.6,411146.0,2492.0,91.8,9424.0,10971.0,229.0,99.3,401179.0,2524.0,91.7,9436.0,28092.0,228.4,98.3,401179
263,411146.0,2462.0,92.6,9509.0,10971.0,232.5,99.0,411146.0,2483.0,92.3,9455.0,10971.0,231.3,99.6,411146.0,2492.0,91.8,9424.0,10971.0,229.0,99.3,401179
264,408787.0,2500.0,93.3,9465.0,10122.0,234.4,98.9,411146.0,2462.0,92.6,9509.0,10971.0,232.5,99.0,411146.0,2483.0,92.3,9455.0,10971.0,231.3,99.6,411146
265,408787.0,2540.0,93.5,9457.0,10122.0,235.2,100.3,408787.0,2500.0,93.3,9465.0,10122.0,234.4,98.9,411146.0,2462.0,92.6,9509.0,10971.0,232.5,99.0,411146
266,408787.0,2556.0,93.5,9544.0,10122.0,235.2,99.5,408787.0,2540.0,93.5,9457.0,10122.0,235.2,100.3,408787.0,2500.0,93.3,9465.0,10122.0,234.4,98.9,411146
267,410262.0,2612.0,93.5,9498.0,2477.0,234.7,99.1,408787.0,2556.0,93.5,9544.0,10122.0,235.2,99.5,408787.0,2540.0,93.5,9457.0,10122.0,235.2,100.3,408787
268,410262.0,2664.0,93.9,9489.0,2477.0,236.1,99.2,410262.0,2612.0,93.5,9498.0,2477.0,234.7,99.1,408787.0,2556.0,93.5,9544.0,10122.0,235.2,99.5,408787
269,410262.0,2680.0,94.5,9464.0,2477.0,237.9,98.9,410262.0,2664.0,93.9,9489.0,2477.0,236.1,99.2,410262.0,2612.0,93.5,9498.0,2477.0,234.7,99.1,408787
270,414351.0,2708.0,94.5,9427.0,732.0,238.0,98.4,410262.0,2680.0,94.5,9464.0,2477.0,237.9,98.9,410262.0,2664.0,93.9,9489.0,2477.0,236.1,99.2,410262
271,414351.0,2684.0,94.7,9417.0,732.0,238.5,98.8,414351.0,2708.0,94.5,9427.0,732.0,238.0,98.4,410262.0,2680.0,94.5,9464.0,2477.0,237.9,98.9,410262
272,414351.0,2670.0,95.0,9410.0,732.0,239.4,99.2,414351.0,2684.0,94.7,9417.0,732.0,238.5,98.8,414351.0,2708.0,94.5,9427.0,732.0,238.0,98.4,410262
273,417502.0,2653.0,94.7,9396.0,17123.0,238.0,100.4,414351.0,2670.0,95.0,9410.0,732.0,239.4,99.2,414351.0,2684.0,94.7,9417.0,732.0,238.5,98.8,414351
274,417502.0,2633.0,95.2,9356.0,17123.0,239.9,99.1,417502.0,2653.0,94.7,9396.0,17123.0,238.0,100.4,414351.0,2670.0,95.0,9410.0,732.0,239.4,99.2,414351
275,417502.0,2624.0,95.4,9341.0,17123.0,240.8,98.4,417502.0,2633.0,95.2,9356.0,17123.0,239.9,99.1,417502.0,2653.0,94.7,9396.0,17123.0,238.0,100.4,414351
276,418098.0,2605.0,95.9,9307.0,8378.0,242.5,97.5,417502.0,2624.0,95.4,9341.0,17123.0,240.8,98.4,417502.0,2633.0,95.2,9356.0,17123.0,239.9,99.1,417502
277,418098.0,2582.0,95.9,9223.0,8378.0,242.4,98.8,418098.0,2605.0,95.9,9307.0,8378.0,242.5,97.5,417502.0,2624.0,95.4,9341.0,17123.0,240.8,98.4,417502
278,418098.0,2600.0,95.6,9143.0,8378.0,241.8,96.4,418098.0,2582.0,95.9,9223.0,8378.0,242.4,98.8,418098.0,2605.0,95.9,9307.0,8378.0,242.5,97.5,417502
279,428748.0,2550.0,95.7,9149.0,18329.0,242.1,98.8,418098.0,2600.0,95.6,9143.0,8378.0,241.8,96.4,418098.0,2582.0,95.9,9223.0,8378.0,242.4,98.8,418098
280,428748.0,2538.0,96.1,9175.0,18329.0,243.0,97.6,428748.0,2550.0,95.7,9149.0,18329.0,242.1,98.8,418098.0,2600.0,95.6,9143.0,8378.0,241.8,96.4,418098
281,428748.0,2534.0,96.4,9205.0,18329.0,244.2,97.8,428748.0,2538.0,96.1,9175.0,18329.0,243.0,97.6,428748.0,2550.0,95.7,9149.0,18329.0,242.1,98.8,418098
282,430069.0,2530.0,96.8,9122.0,11811.0,245.6,96.0,428748.0,2534.0,96.4,9205.0,18329.0,244.2,97.8,428748.0,2538.0,96.1,9175.0,18329.0,243.0,97.6,428748
283,430069.0,2535.0,97.0,9074.0,11811.0,245.6,96.2,430069.0,2530.0,96.8,9122.0,11811.0,245.6,96.0,428748.0,2534.0,96.4,9205.0,18329.0,244.2,97.8,428748
284,430069.0,2537.0,97.3,9085.0,11811.0,246.8,96.7,430069.0,2535.0,97.0,9074.0,11811.0,245.6,96.2,430069.0,2530.0,96.8,9122.0,11811.0,245.6,96.0,428748
285,432989.0,2587.0,97.0,9115.0,5350.0,245.8,95.7,430069.0,2537.0,97.3,9085.0,11811.0,246.8,96.7,430069.0,2535.0,97.0,9074.0,11811.0,245.6,96.2,430069
286,432989.0,2541.0,97.5,9154.0,5350.0,247.6,95.5,432989.0,2587.0,97.0,9115.0,5350.0,245.8,95.7,430069.0,2537.0,97.3,9085.0,11811.0,246.8,96.7,430069
287,432989.0,2530.0,97.8,9149.0,5350.0,248.7,96.8,432989.0,2541.0,97.5,9154.0,5350.0,247.6,95.5,432989.0,2587.0,97.0,9115.0,5350.0,245.8,95.7,430069
288,436307.0,2511.0,98.0,9185.0,21147.0,249.5,96.0,432989.0,2530.0,97.8,9149.0,5350.0,248.7,96.8,432989.0,2541.0,97.5,9154.0,5350.0,247.6,95.5,432989
289,436307.0,2515.0,98.2,9129.0,21147.0,250.0,96.3,436307.0,2511.0,98.0,9185.0,21147.0,249.5,96.0,432989.0,2530.0,97.8,9149.0,5350.0,248.7,96.8,432989
290,436307.0,2492.0,98.0,9092.0,21147.0,249.7,97.5,436307.0,2515.0,98.2,9129.0,21147.0,250.0,96.3,436307.0,2511.0,98.0,9185.0,21147.0,249.5,96.0,432989
291,444346.0,2502.0,98.0,9074.0,15202.0,249.7,97.4,436307.0,2492.0,98.0,9092.0,21147.0,249.7,97.5,436307.0,2515.0,98.2,9129.0,21147.0,250.0,96.3,436307
292,444346.0,2481.0,98.4,9036.0,15202.0,251.0,96.7,444346.0,2502.0,98.0,9074.0,15202.0,249.7,97.4,436307.0,2492.0,98.0,9092.0,21147.0,249.7,97.5,436307
293,444346.0,2403.0,98.7,9033.0,15202.0,251.9,97.4,444346.0,2481.0,98.4,9036.0,15202.0,251.0,96.7,444346.0,2502.0,98.0,9074.0,15202.0,249.7,97.4,436307
294,447705.0,2338.0,98.8,9032.0,6676.0,251.9,97.6,444346.0,2403.0,98.7,9033.0,15202.0,251.9,97.4,444346.0,2481.0,98.4,9036.0,15202.0,251.0,96.7,444346
295,447705.0,2358.0,98.8,9040.0,6676.0,252.1,97.3,447705.0,2338.0,98.8,9032.0,6676.0,251.9,97.6,444346.0,2403.0,98.7,9033.0,15202.0,251.9,97.4,444346
296,447705.0,2341.0,99.2,9013.0,6676.0,253.4,97.8,447705.0,2358.0,98.8,9040.0,6676.0,252.1,97.3,447705.0,2338.0,98.8,9032.0,6676.0,251.9,97.6,444346
297,453883.0,2260.0,98.7,8991.0,18786.0,252.6,98.1,447705.0,2341.0,99.2,9013.0,6676.0,253.4,97.8,447705.0,2358.0,98.8,9040.0,6676.0,252.1,97.3,447705
298,453883.0,2213.0,99.1,8995.0,18786.0,254.2,98.8,453883.0,2260.0,98.7,8991.0,18786.0,252.6,98.1,447705.0,2341.0,99.2,9013.0,6676.0,253.4,97.8,447705
299,453883.0,2167.0,99.3,8961.0,18786.0,254.8,99.3,453883.0,2213.0,99.1,8995.0,18786.0,254.2,98.8,453883.0,2260.0,98.7,8991.0,18786.0,252.6,98.1,447705
300,460696.0,2110.0,99.6,8934.0,3759.0,255.7,100.0,453883.0,2167.0,99.3,8961.0,18786.0,254.8,99.3,453883.0,2213.0,99.1,8995.0,18786.0,254.2,98.8,453883
301,460696.0,2061.0,99.6,9005.0,3759.0,255.9,99.0,460696.0,2110.0,99.6,8934.0,3759.0,255.7,100.0,453883.0,2167.0,99.3,8961.0,18786.0,254.8,99.3,453883
302,460696.0,2009.0,99.8,9077.0,3759.0,256.3,99.6,460696.0,2061.0,99.6,9005.0,3759.0,255.9,99.0,460696.0,2110.0,99.6,8934.0,3759.0,255.7,100.0,453883
303,464730.0,1968.0,99.6,9043.0,9780.0,256.0,100.0,460696.0,2009.0,99.8,9077.0,3759.0,256.3,99.6,460696.0,2061.0,99.6,9005.0,3759.0,255.9,99.0,460696
304,464730.0,1957.0,99.9,9035.0,9780.0,257.0,99.9,464730.0,1968.0,99.6,9043.0,9780.0,256.0,100.0,460696.0,2009.0,99.8,9077.0,3759.0,256.3,99.6,460696
305,464730.0,1952.0,100.0,9062.0,9780.0,257.6,100.2,464730.0,1957.0,99.9,9035.0,9780.0,257.0,99.9,464730.0,1968.0,99.6,9043.0,9780.0,256.0,100.0,460696
306,464986.0,1922.0,100.1,9096.0,-19776.0,257.7,99.4,464730.0,1952.0,100.0,9062.0,9780.0,257.6,100.2,464730.0,1957.0,99.9,9035.0,9780.0,257.0,99.9,464730
307,464986.0,1872.0,99.9,9065.0,-19776.0,257.1,100.6,464986.0,1922.0,100.1,9096.0,-19776.0,257.7,99.4,464730.0,1952.0,100.0,9062.0,9780.0,257.6,100.2,464730
308,464986.0,1861.0,99.9,9039.0,-19776.0,257.5,100.6,464986.0,1872.0,99.9,9065.0,-19776.0,257.1,100.6,464986.0,1922.0,100.1,9096.0,-19776.0,257.7,99.4,464730
309,467295.0,1845.0,99.2,9011.0,6369.0,255.4,99.8,464986.0,1861.0,99.9,9039.0,-19776.0,257.5,100.6,464986.0,1872.0,99.9,9065.0,-19776.0,257.1,100.6,464986
310,467295.0,1830.0,99.5,9021.0,6369.0,256.7,100.2,467295.0,1845.0,99.2,9011.0,6369.0,255.4,99.8,464986.0,1861.0,99.9,9039.0,-19776.0,257.5,100.6,464986
311,467295.0,1822.0,99.6,9045.0,6369.0,257.1,100.5,467295.0,1830.0,99.5,9021.0,6369.0,256.7,100.2,467295.0,1845.0,99.2,9011.0,6369.0,255.4,99.8,464986
312,475229.0,1847.0,99.9,9073.0,6085.0,258.0,100.0,467295.0,1822.0,99.6,9045.0,6369.0,257.1,100.5,467295.0,1830.0,99.5,9021.0,6369.0,256.7,100.2,467295
313,475229.0,1848.0,100.1,9040.0,6085.0,258.5,99.5,475229.0,1847.0,99.9,9073.0,6085.0,258.0,100.0,467295.0,1822.0,99.6,9045.0,6369.0,257.1,100.5,467295
314,475229.0,1820.0,100.1,9039.0,6085.0,258.9,99.8,475229.0,1848.0,100.1,9040.0,6085.0,258.5,99.5,475229.0,1847.0,99.9,9073.0,6085.0,258.0,100.0,467295
315,475541.0,1772.0,100.0,9061.0,14501.0,258.6,98.7,475229.0,1820.0,100.1,9039.0,6085.0,258.9,99.8,475229.0,1848.0,100.1,9040.0,6085.0,258.5,99.5,475229
316,475541.0,1752.0,100.3,8996.0,14501.0,259.8,99.1,475541.0,1772.0,100.0,9061.0,14501.0,258.6,98.7,475229.0,1820.0,100.1,9039.0,6085.0,258.9,99.8,475229
317,475541.0,1713.0,100.2,8960.0,14501.0,259.6,100.2,475541.0,1752.0,100.3,8996.0,14501.0,259.8,99.1,475541.0,1772.0,100.0,9061.0,14501.0,258.6,98.7,475229
318,477774.0,1684.0,100.3,8948.0,631.0,259.5,99.5,475541.0,1713.0,100.2,8960.0,14501.0,259.6,100.2,475541.0,1752.0,100.3,8996.0,14501.0,259.8,99.1,475541
319,477774.0,1692.0,100.3,8921.0,631.0,259.8,99.0,477774.0,1684.0,100.3,8948.0,631.0,259.5,99.5,475541.0,1713.0,100.2,8960.0,14501.0,259.6,100.2,475541
320,477774.0,1688.0,100.4,8929.0,631.0,260.6,98.9,477774.0,1692.0,100.3,8921.0,631.0,259.8,99.0,477774.0,1684.0,100.3,8948.0,631.0,259.5,99.5,475541
321,485326.0,1705.0,99.9,8908.0,-17941.0,258.8,99.6,477774.0,1688.0,100.4,8929.0,631.0,260.6,98.9,477774.0,1692.0,100.3,8921.0,631.0,259.8,99.0,477774
322,485326.0,1693.0,100.1,8911.0,-17941.0,260.0,98.9,485326.0,1705.0,99.9,8908.0,-17941.0,258.8,99.6,477774.0,1688.0,100.4,8929.0,631.0,260.6,98.9,477774
323,485326.0,1676.0,100.4,8924.0,-17941.0,261.1,98.6,485326.0,1693.0,100.1,8911.0,-17941.0,260.0,98.9,485326.0,1705.0,99.9,8908.0,-17941.0,258.8,99.6,477774
324,489494.0,1647.0,100.6,8884.0,19333.0,261.4,101.0,485326.0,1676.0,100.4,8924.0,-17941.0,261.1,98.6,485326.0,1693.0,100.1,8911.0,-17941.0,260.0,98.9,485326
325,489494.0,1640.0,100.8,8855.0,19333.0,262.1,100.2,489494.0,1647.0,100.6,8884.0,19333.0,261.4,101.0,485326.0,1676.0,100.4,8924.0,-17941.0,261.1,98.6,485326
326,489494.0,1630.0,101.0,8839.0,19333.0,263.1,99.6,489494.0,1640.0,100.8,8855.0,19333.0,262.1,100.2,489494.0,1647.0,100.6,8884.0,19333.0,261.4,101.0,485326
327,493730.0,1658.0,100.9,8826.0,5155.0,263.4,99.1,489494.0,1630.0,101.0,8839.0,19333.0,263.1,99.6,489494.0,1640.0,100.8,8855.0,19333.0,262.1,100.2,489494
328,493730.0,1606.0,101.2,8903.0,5155.0,264.4,99.6,493730.0,1658.0,100.9,8826.0,5155.0,263.4,99.1,489494.0,1630.0,101.0,8839.0,19333.0,263.1,99.6,489494
329,493730.0,1612.0,101.5,8914.0,5155.0,264.9,100.4,493730.0,1606.0,101.2,8903.0,5155.0,264.4,99.6,493730.0,1658.0,100.9,8826.0,5155.0,263.4,99.1,489494
330,500974.0,1600.0,101.6,8901.0,-12204.0,264.8,99.1,493730.0,1612.0,101.5,8914.0,5155.0,264.9,100.4,493730.0,1606.0,101.2,8903.0,5155.0,264.4,99.6,493730
331,500974.0,1594.0,101.8,8869.0,-12204.0,265.5,100.6,500974.0,1600.0,101.6,8901.0,-12204.0,264.8,99.1,493730.0,1612.0,101.5,8914.0,5155.0,264.9,100.4,493730
332,500974.0,1580.0,102.2,8881.0,-12204.0,267.1,103.3,500974.0,1594.0,101.8,8869.0,-12204.0,265.5,100.6,500974.0,1600.0,101.6,8901.0,-12204.0,264.8,99.1,493730
333,507028.0,1559.0,101.8,8886.0,-12122.0,265.5,101.9,500974.0,1580.0,102.2,8881.0,-12204.0,267.1,103.3,500974.0,1594.0,101.8,8869.0,-12204.0,265.5,100.6,500974
334,507028.0,1541.0,102.4,8829.0,-12122.0,268.4,101.4,507028.0,1559.0,101.8,8886.0,-12122.0,265.5,101.9,500974.0,1580.0,102.2,8881.0,-12204.0,267.1,103.3,500974
335,507028.0,1530.0,102.7,8850.0,-12122.0,269.3,101.2,507028.0,1541.0,102.4,8829.0,-12122.0,268.4,101.4,507028.0,1559.0,101.8,8886.0,-12122.0,265.5,101.9,500974
336,508869.0,1495.0,103.2,8829.0,22209.0,270.6,101.4,507028.0,1530.0,102.7,8850.0,-12122.0,269.3,101.2,507028.0,1541.0,102.4,8829.0,-12122.0,268.4,101.4,507028
337,508869.0,1484.0,103.5,8765.0,22209.0,271.7,101.6,508869.0,1495.0,103.2,8829.0,22209.0,270.6,101.4,507028.0,1530.0,102.7,8850.0,-12122.0,269.3,101.2,507028
338,508869.0,1455.0,103.5,8743.0,22209.0,272.3,101.9,508869.0,1484.0,103.5,8765.0,22209.0,271.7,101.6,508869.0,1495.0,103.2,8829.0,22209.0,270.6,101.4,507028
339,514258.0,1443.0,103.5,8812.0,13032.0,272.9,102.2,508869.0,1455.0,103.5,8743.0,22209.0,272.3,101.9,508869.0,1484.0,103.5,8765.0,22209.0,271.7,101.6,508869
340,514258.0,1425.0,104.0,8883.0,13032.0,274.7,102.4,514258.0,1443.0,103.5,8812.0,13032.0,272.9,102.2,508869.0,1455.0,103.5,8743.0,22209.0,272.3,101.9,508869
341,514258.0,1429.0,104.3,8858.0,13032.0,275.1,103.5,514258.0,1425.0,104.0,8883.0,13032.0,274.7,102.4,514258.0,1443.0,103.5,8812.0,13032.0,272.9,102.2,508869
342,519474.0,1439.0,104.4,8734.0,10684.0,275.3,104.0,514258.0,1429.0,104.3,8858.0,13032.0,275.1,103.5,514258.0,1425.0,104.0,8883.0,13032.0,274.7,102.4,514258
343,519474.0,1470.0,104.7,8773.0,10684.0,275.8,104.2,519474.0,1439.0,104.4,8734.0,10684.0,275.3,104.0,514258.0,1429.0,104.3,8858.0,13032.0,275.1,103.5,514258
344,519474.0,1453.0,105.0,8723.0,10684.0,278.1,104.4,519474.0,1470.0,104.7,8773.0,10684.0,275.8,104.2,519474.0,1439.0,104.4,8734.0,10684.0,275.3,104.0,514258
345,522384.0,1423.0,104.5,8731.0,-11413.0,276.0,104.4,519474.0,1453.0,105.0,8723.0,10684.0,278.1,104.4,519474.0,1470.0,104.7,8773.0,10684.0,275.8,104.2,519474
346,522384.0,1425.0,104.9,8658.0,-11413.0,278.1,104.1,522384.0,1423.0,104.5,8731.0,-11413.0,276.0,104.4,519474.0,1453.0,105.0,8723.0,10684.0,278.1,104.4,519474
347,522384.0,1416.0,105.1,8651.0,-11413.0,278.3,103.6,522384.0,1425.0,104.9,8658.0,-11413.0,278.1,104.1,522384.0,1423.0,104.5,8731.0,-11413.0,276.0,104.4,519474
348,527479.0,1411.0,105.5,8645.0,-3471.0,279.7,102.9,522384.0,1416.0,105.1,8651.0,-11413.0,278.3,103.6,522384.0,1425.0,104.9,8658.0,-11413.0,278.1,104.1,522384
349,527479.0,1360.0,105.9,8735.0,-3471.0,280.7,103.4,527479.0,1411.0,105.5,8645.0,-3471.0,279.7,102.9,522384.0,1416.0,105.1,8651.0,-11413.0,278.3,103.6,522384
350,527479.0,1361.0,105.9,8759.0,-3471.0,281.5,104.5,527479.0,1360.0,105.9,8735.0,-3471.0,280.7,103.4,527479.0,1411.0,105.5,8645.0,-3471.0,279.7,102.9,522384
351,532945.0,1363.0,105.9,8748.0,-11654.0,281.7,104.2,527479.0,1361.0,105.9,8759.0,-3471.0,281.5,104.5,527479.0,1360.0,105.9,8735.0,-3471.0,280.7,103.4,527479
352,532945.0,1381.0,106.5,8736.0,-11654.0,284.2,104.1,532945.0,1363.0,105.9,8748.0,-11654.0,281.7,104.2,527479.0,1361.0,105.9,8759.0,-3471.0,281.5,104.5,527479
353,532945.0,1380.0,106.6,8663.0,-11654.0,284.1,104.0,532945.0,1381.0,106.5,8736.0,-11654.0,284.2,104.1,532945.0,1363.0,105.9,8748.0,-11654.0,281.7,104.2,527479
